Name,Obj Fn,Runtime
B2C0 passed1
B3C0 passed1
B4C0 passed1
B5C0 passed1
B6C0 passed1
B7C0 passed1
B8C0 passed1
B9C0 passed1
B10C0 passed1
B11C0 passed1
B12C0 passed1
B13C0 passed1
B14C0 passed1
B15C0 passed1
B16C0 passed1
B2C1 failed
B3C1 failed
B4C1 failed
B5C1 failed
B6C1 failed
B7C1 failed
B8C1 failed
B9C1 failed
B10C1 failed
B11C1 failed
B12C1 failed
B13C1 failed
B14C1 failed
B15C1 failed
B16C1 failed
B2C2 failed
B3C2 failed
B4C2 failed
B5C2 failed
B6C2 failed
B7C2 failed
B8C2 failed
B9C2 failed
B10C2 failed
B11C2 failed
B12C2 failed
B13C2 failed
B14C2 failed
B15C2 failed
B16C2 failed
B2C3 passed1
B3C3 passed1
B4C3 passed1
B5C3 passed1
B6C3 passed1
B7C3 passed1
B8C3 passed1
B9C3 passed1
B10C3 passed1
B11C3 passed1
B12C3 passed1
B13C3 passed1
B14C3 passed1
B15C3 passed1
B16C3 passed1
B2C4 failed
B3C4 failed
B4C4 failed
B5C4 failed
B6C4 failed
B7C4 failed
B8C4 failed
B9C4 passed1
B10C4 failed
B11C4 passed1
B12C4 failed
B13C4 failed
B14C4 passed1
B15C4 failed
B16C4 failed
B2C5 failed
B3C5 failed
B4C5 failed
B5C5 failed
B6C5 failed
B7C5 failed
B8C5 failed
B9C5 passed1
B10C5 failed
B11C5 failed
B12C5 failed
B13C5 failed
B14C5 failed
B15C5 failed
B16C5 failed
