0.000000;-1.000000;22273.000000;0.000000;432711.000000;0.000000;0.000000;0.484800
1.000000;-1.000000;28650.000000;0.000000;173137.000000;32349.000000;0.000000;1.087964
2.000000;-1.000000;23729.000000;0.000000;387789.000000;0.000000;0.000000;1.681017
3.000000;-1.000000;25712.000000;0.000000;294000.000000;34286.000000;0.000000;2.210520
4.000000;-1.000000;23722.000000;0.000000;371232.000000;33057.000000;0.000000;2.739332
5.000000;-1.000000;25503.000000;0.000000;346028.000000;0.000000;0.000000;3.271320
6.000000;-1.000000;23712.000000;0.000000;353633.000000;33092.000000;0.000000;3.804863
7.000000;-1.000000;26887.000000;0.000000;239874.000000;32203.000000;0.000000;4.340560
8.000000;-1.000000;27754.000000;0.000000;313865.000000;32586.000000;0.000000;4.876425
9.000000;-1.000000;23807.000000;0.000000;371754.000000;32432.000000;0.000000;5.420203
10.000000;-1.000000;25302.000000;0.000000;373384.000000;0.000000;0.000000;5.950790
11.000000;-1.000000;25965.000000;0.000000;295493.000000;0.000000;0.000000;6.485038
12.000000;-1.000000;25142.000000;0.000000;349883.000000;0.000000;0.000000;7.015949
13.000000;-1.000000;22946.000000;0.000000;400635.000000;0.000000;0.000000;7.542630
14.000000;33985.000000;25933.000000;0.000000;356854.000000;33985.000000;1.000000;8.067369
15.000000;33985.000000;23966.000000;0.000000;295755.000000;33707.000000;0.000000;8.592804
16.000000;33985.000000;21111.000000;0.000000;426050.000000;0.000000;0.000000;9.128205
17.000000;33985.000000;23144.000000;0.000000;367881.000000;33826.000000;0.000000;9.659598
18.000000;33985.000000;20668.000000;0.000000;447872.000000;33826.000000;0.000000;10.186097
19.000000;33985.000000;21927.000000;0.000000;375990.000000;33826.000000;0.000000;10.712272
20.000000;33985.000000;20293.000000;0.000000;440266.000000;33988.000000;0.000000;11.277007
21.000000;33985.000000;21008.000000;0.000000;412428.000000;33988.000000;0.000000;11.902736
22.000000;33985.000000;21939.000000;0.000000;376673.000000;33988.000000;0.000000;12.479109
23.000000;33985.000000;22705.000000;0.000000;393899.000000;33988.000000;0.000000;13.061545
24.000000;33985.000000;21547.000000;0.000000;389530.000000;33988.000000;0.000000;13.625492
25.000000;33985.000000;21890.000000;0.000000;431354.000000;33988.000000;0.000000;14.188342
26.000000;33985.000000;23325.000000;0.000000;348151.000000;33988.000000;0.000000;14.754207
27.000000;33985.000000;23480.000000;0.000000;325462.000000;33988.000000;0.000000;15.321375
28.000000;33985.000000;21995.000000;0.000000;379316.000000;33988.000000;0.000000;15.889903
29.000000;33985.000000;21049.000000;0.000000;376348.000000;33988.000000;0.000000;16.458195
30.000000;33985.000000;25094.000000;0.000000;327610.000000;33988.000000;0.000000;17.024931
31.000000;33985.000000;20943.000000;0.000000;391690.000000;33988.000000;0.000000;17.591005
32.000000;33985.000000;23184.000000;0.000000;327341.000000;33988.000000;0.000000;18.152676
33.000000;33985.000000;23666.000000;0.000000;339372.000000;33988.000000;0.000000;18.720245
34.000000;33985.000000;23377.000000;0.000000;318997.000000;33988.000000;0.000000;19.309908
35.000000;33985.000000;22480.000000;0.000000;361688.000000;33988.000000;0.000000;19.882431
36.000000;33985.000000;21953.000000;0.000000;353635.000000;33988.000000;0.000000;20.450861
37.000000;33985.000000;21781.000000;0.000000;369958.000000;33988.000000;0.000000;21.022505
38.000000;33985.000000;23036.000000;0.000000;355066.000000;33988.000000;0.000000;21.590132
39.000000;33985.000000;21910.000000;0.000000;386981.000000;33988.000000;0.000000;22.156662
40.000000;34215.000000;22035.000000;0.000000;349896.000000;34215.000000;1.000000;22.800190
41.000000;34215.000000;22525.000000;0.000000;344965.000000;34159.000000;0.000000;23.512548
42.000000;34215.000000;19755.000000;0.000000;448212.000000;32940.000000;0.000000;24.176058
43.000000;34215.000000;22868.000000;0.000000;295360.000000;33988.000000;0.000000;24.828398
44.000000;34215.000000;21718.000000;0.000000;368867.000000;33988.000000;0.000000;25.467310
45.000000;34215.000000;22665.000000;0.000000;370357.000000;33988.000000;0.000000;26.109306
46.000000;34215.000000;22889.000000;0.000000;361242.000000;33988.000000;0.000000;26.751686
47.000000;34215.000000;21768.000000;0.000000;367814.000000;33988.000000;0.000000;27.394464
48.000000;34215.000000;21857.000000;0.000000;369101.000000;33988.000000;0.000000;28.035555
49.000000;34215.000000;20908.000000;0.000000;332587.000000;33988.000000;0.000000;28.678637
50.000000;34215.000000;21992.000000;0.000000;420017.000000;33988.000000;0.000000;29.338131
51.000000;34215.000000;22402.000000;0.000000;379850.000000;33988.000000;0.000000;29.982466
52.000000;34215.000000;23857.000000;0.000000;280509.000000;33988.000000;0.000000;30.625498
53.000000;34215.000000;24840.000000;0.000000;280432.000000;33988.000000;0.000000;31.270212
54.000000;34215.000000;23068.000000;0.000000;353639.000000;33988.000000;0.000000;31.985226
55.000000;34215.000000;22782.000000;0.000000;353182.000000;33988.000000;0.000000;32.628639
56.000000;34215.000000;23051.000000;0.000000;340383.000000;33988.000000;0.000000;33.273266
57.000000;34215.000000;22308.000000;0.000000;391338.000000;33988.000000;0.000000;33.935204
58.000000;34215.000000;23109.000000;0.000000;374549.000000;33988.000000;0.000000;34.579277
59.000000;34215.000000;23797.000000;0.000000;328815.000000;33988.000000;0.000000;35.219509
60.000000;34215.000000;22385.000000;0.000000;357312.000000;34215.000000;0.000000;36.042255
61.000000;34215.000000;22411.000000;0.000000;396642.000000;34215.000000;0.000000;36.960865
62.000000;34215.000000;22786.000000;0.000000;370970.000000;34215.000000;0.000000;37.773605
63.000000;34215.000000;21165.000000;0.000000;408257.000000;34215.000000;0.000000;38.577339
64.000000;34215.000000;21406.000000;0.000000;421289.000000;34215.000000;0.000000;39.405128
65.000000;34215.000000;22453.000000;0.000000;327316.000000;34215.000000;0.000000;40.207253
66.000000;34215.000000;21792.000000;0.000000;393453.000000;34215.000000;0.000000;41.003235
67.000000;34215.000000;21308.000000;0.000000;358025.000000;34215.000000;0.000000;41.793095
68.000000;34215.000000;22381.000000;0.000000;375704.000000;34215.000000;0.000000;42.582512
69.000000;34215.000000;23275.000000;0.000000;399998.000000;34215.000000;0.000000;43.373177
70.000000;34215.000000;22840.000000;0.000000;380989.000000;34215.000000;0.000000;44.168133
71.000000;34215.000000;22044.000000;0.000000;395682.000000;34215.000000;0.000000;44.961597
72.000000;34215.000000;20676.000000;0.000000;486220.000000;34215.000000;0.000000;45.769016
73.000000;34215.000000;22999.000000;0.000000;374721.000000;34215.000000;0.000000;46.572727
74.000000;34215.000000;21283.000000;0.000000;463539.000000;34215.000000;0.000000;47.371468
75.000000;34215.000000;20477.000000;0.000000;400289.000000;34215.000000;0.000000;48.171059
76.000000;34215.000000;21101.000000;0.000000;360141.000000;34215.000000;0.000000;48.969856
77.000000;34215.000000;21511.000000;0.000000;387964.000000;34215.000000;0.000000;49.791981
78.000000;34215.000000;24505.000000;0.000000;331849.000000;34215.000000;0.000000;50.599979
79.000000;34215.000000;22409.000000;0.000000;374455.000000;34215.000000;0.000000;51.432808
80.000000;34215.000000;23398.000000;0.000000;385319.000000;34215.000000;0.000000;52.550774
81.000000;34215.000000;24678.000000;0.000000;343236.000000;34215.000000;0.000000;53.795036
82.000000;34215.000000;21800.000000;0.000000;402451.000000;34215.000000;0.000000;54.965225
83.000000;34215.000000;23514.000000;0.000000;371536.000000;34215.000000;0.000000;56.094006
84.000000;34215.000000;22456.000000;0.000000;415246.000000;34215.000000;0.000000;57.215088
85.000000;34215.000000;22956.000000;0.000000;354306.000000;34215.000000;0.000000;58.328018
86.000000;34215.000000;20982.000000;0.000000;436819.000000;34215.000000;0.000000;59.472149
87.000000;34215.000000;22806.000000;0.000000;364282.000000;34215.000000;0.000000;60.585041
88.000000;34215.000000;21022.000000;0.000000;409080.000000;34215.000000;0.000000;61.696636
89.000000;34215.000000;24961.000000;0.000000;236306.000000;34215.000000;0.000000;62.807072
90.000000;34215.000000;22144.000000;0.000000;388750.000000;34215.000000;0.000000;63.914894
91.000000;34215.000000;23173.000000;0.000000;332847.000000;34215.000000;0.000000;65.023277
92.000000;34215.000000;24633.000000;0.000000;295651.000000;34215.000000;0.000000;66.155937
93.000000;34215.000000;22761.000000;0.000000;376182.000000;34215.000000;0.000000;67.276070
94.000000;34215.000000;23173.000000;0.000000;330290.000000;34215.000000;0.000000;68.392410
95.000000;34215.000000;21326.000000;0.000000;398554.000000;34215.000000;0.000000;69.543343
96.000000;34215.000000;22181.000000;0.000000;346418.000000;34215.000000;0.000000;70.664467
97.000000;34215.000000;21161.000000;0.000000;369708.000000;34215.000000;0.000000;71.778809
98.000000;34215.000000;22924.000000;0.000000;347517.000000;34215.000000;0.000000;72.781334
99.000000;34215.000000;21792.000000;0.000000;387302.000000;34215.000000;0.000000;73.772118
100.000000;34215.000000;23154.000000;0.000000;339678.000000;34493.000000;0.000000;74.908119
101.000000;34215.000000;20707.000000;0.000000;444229.000000;34493.000000;0.000000;76.269844
102.000000;34215.000000;22719.000000;0.000000;349893.000000;34493.000000;0.000000;77.536667
103.000000;34215.000000;21886.000000;0.000000;382806.000000;34493.000000;0.000000;78.802048
104.000000;34215.000000;23271.000000;0.000000;382494.000000;34493.000000;0.000000;80.099731
105.000000;34215.000000;22254.000000;0.000000;421744.000000;34493.000000;0.000000;81.351898
106.000000;34215.000000;23167.000000;0.000000;354717.000000;34493.000000;0.000000;82.602470
107.000000;34215.000000;20897.000000;0.000000;412313.000000;34493.000000;0.000000;83.853355
108.000000;34215.000000;24174.000000;0.000000;378214.000000;34493.000000;0.000000;85.102554
109.000000;34215.000000;19555.000000;0.000000;472669.000000;34493.000000;0.000000;86.358627
110.000000;34215.000000;22569.000000;0.000000;386100.000000;34493.000000;0.000000;87.615723
111.000000;34215.000000;21603.000000;0.000000;423529.000000;34493.000000;0.000000;88.897324
112.000000;34215.000000;23050.000000;0.000000;349054.000000;34493.000000;0.000000;90.208969
113.000000;34215.000000;22277.000000;0.000000;392156.000000;34493.000000;0.000000;91.496674
114.000000;34215.000000;21980.000000;0.000000;405354.000000;34493.000000;0.000000;92.836288
115.000000;34215.000000;21992.000000;0.000000;399966.000000;34493.000000;0.000000;94.118851
116.000000;34215.000000;22665.000000;0.000000;324044.000000;34493.000000;0.000000;95.300034
117.000000;34215.000000;23266.000000;0.000000;360463.000000;34493.000000;0.000000;96.428993
118.000000;34215.000000;22344.000000;0.000000;379294.000000;34493.000000;0.000000;97.544983
119.000000;34215.000000;21023.000000;0.000000;418812.000000;34493.000000;0.000000;98.661087
120.000000;34215.000000;22234.000000;0.000000;368791.000000;34493.000000;0.000000;99.804306
121.000000;34215.000000;21363.000000;0.000000;414430.000000;34493.000000;0.000000;101.161568
122.000000;34215.000000;22074.000000;0.000000;338742.000000;34493.000000;0.000000;102.498047
123.000000;34215.000000;22516.000000;0.000000;351240.000000;34493.000000;0.000000;103.766479
124.000000;34215.000000;22059.000000;0.000000;394127.000000;34493.000000;0.000000;105.061203
125.000000;34215.000000;21016.000000;0.000000;416726.000000;34493.000000;0.000000;106.327881
126.000000;34215.000000;21537.000000;0.000000;401393.000000;34493.000000;0.000000;107.604355
127.000000;34215.000000;21642.000000;0.000000;381241.000000;34493.000000;0.000000;108.863403
128.000000;34215.000000;24447.000000;0.000000;336863.000000;34493.000000;0.000000;110.147408
129.000000;34215.000000;22615.000000;0.000000;364445.000000;34493.000000;0.000000;111.406471
130.000000;34215.000000;22799.000000;0.000000;326349.000000;34493.000000;0.000000;112.672256
131.000000;34215.000000;22990.000000;0.000000;336475.000000;34493.000000;0.000000;113.960159
132.000000;34215.000000;24039.000000;0.000000;369704.000000;34493.000000;0.000000;115.231285
133.000000;34215.000000;21757.000000;0.000000;396025.000000;34493.000000;0.000000;116.497337
134.000000;34215.000000;21889.000000;0.000000;390187.000000;34493.000000;0.000000;117.763481
135.000000;34215.000000;22912.000000;0.000000;368149.000000;34493.000000;0.000000;119.028595
136.000000;34215.000000;22945.000000;0.000000;360525.000000;34493.000000;0.000000;120.205193
137.000000;34215.000000;23773.000000;0.000000;309212.000000;34493.000000;0.000000;121.332565
138.000000;34215.000000;23873.000000;0.000000;316073.000000;34493.000000;0.000000;122.463013
139.000000;34215.000000;21298.000000;0.000000;429354.000000;34493.000000;0.000000;123.589165
140.000000;34215.000000;22192.000000;0.000000;405345.000000;34493.000000;0.000000;124.711632
141.000000;34215.000000;21494.000000;0.000000;393923.000000;34493.000000;0.000000;126.072334
142.000000;34215.000000;21411.000000;0.000000;404490.000000;34493.000000;0.000000;127.349358
143.000000;34215.000000;23834.000000;0.000000;273216.000000;34493.000000;0.000000;128.626907
144.000000;34215.000000;21544.000000;0.000000;423781.000000;34493.000000;0.000000;129.930161
145.000000;34215.000000;22590.000000;0.000000;388988.000000;34493.000000;0.000000;131.188400
146.000000;34215.000000;21061.000000;0.000000;450102.000000;34493.000000;0.000000;132.445618
147.000000;34215.000000;22112.000000;0.000000;360544.000000;34493.000000;0.000000;133.703293
148.000000;34215.000000;23119.000000;0.000000;317438.000000;34493.000000;0.000000;134.958649
149.000000;34215.000000;21876.000000;0.000000;398736.000000;34493.000000;0.000000;136.224182
150.000000;34215.000000;24183.000000;0.000000;329615.000000;34493.000000;0.000000;137.492737
151.000000;34215.000000;21929.000000;0.000000;359062.000000;34493.000000;0.000000;138.787857
152.000000;34215.000000;22143.000000;0.000000;322547.000000;34493.000000;0.000000;140.087158
153.000000;34215.000000;23831.000000;0.000000;331500.000000;34493.000000;0.000000;141.364868
154.000000;34215.000000;24126.000000;0.000000;273983.000000;34493.000000;0.000000;142.633224
155.000000;34215.000000;22285.000000;0.000000;415045.000000;34493.000000;0.000000;143.909027
156.000000;34215.000000;22640.000000;0.000000;338607.000000;34493.000000;0.000000;145.082825
157.000000;34215.000000;23685.000000;0.000000;337507.000000;34493.000000;0.000000;146.212631
158.000000;34215.000000;22080.000000;0.000000;408889.000000;34493.000000;0.000000;147.347366
159.000000;34215.000000;21970.000000;0.000000;358583.000000;34493.000000;0.000000;148.485214
160.000000;34215.000000;23396.000000;0.000000;325423.000000;34493.000000;0.000000;149.612518
161.000000;34215.000000;21458.000000;0.000000;367475.000000;34493.000000;0.000000;151.005829
162.000000;34215.000000;21350.000000;0.000000;412210.000000;34493.000000;0.000000;152.313919
163.000000;34215.000000;23922.000000;0.000000;337110.000000;34493.000000;0.000000;153.595642
164.000000;34215.000000;23276.000000;0.000000;379809.000000;34493.000000;0.000000;154.879211
165.000000;34215.000000;23892.000000;0.000000;350163.000000;34493.000000;0.000000;156.146973
166.000000;34215.000000;22132.000000;0.000000;360005.000000;34493.000000;0.000000;157.416351
167.000000;34215.000000;23492.000000;0.000000;313566.000000;34493.000000;0.000000;158.680893
168.000000;34215.000000;21792.000000;0.000000;381998.000000;34493.000000;0.000000;159.953186
169.000000;34215.000000;22939.000000;0.000000;405297.000000;34493.000000;0.000000;161.223831
170.000000;34215.000000;20161.000000;0.000000;460693.000000;34493.000000;0.000000;162.516663
171.000000;34215.000000;22222.000000;0.000000;414851.000000;34493.000000;0.000000;163.818008
172.000000;34215.000000;22719.000000;0.000000;395673.000000;34493.000000;0.000000;165.097534
173.000000;34215.000000;22006.000000;0.000000;401821.000000;34493.000000;0.000000;166.389328
174.000000;34215.000000;20306.000000;0.000000;443125.000000;34493.000000;0.000000;167.677048
175.000000;34215.000000;22468.000000;0.000000;377080.000000;34493.000000;0.000000;168.965851
176.000000;34215.000000;24098.000000;0.000000;339647.000000;34493.000000;0.000000;170.144440
177.000000;34215.000000;22326.000000;0.000000;344472.000000;34493.000000;0.000000;171.281555
178.000000;34215.000000;23796.000000;0.000000;347924.000000;34493.000000;0.000000;172.429276
179.000000;34215.000000;22232.000000;0.000000;374570.000000;34493.000000;0.000000;173.569565
180.000000;34215.000000;23295.000000;0.000000;365216.000000;34493.000000;0.000000;174.709808
181.000000;34215.000000;22449.000000;0.000000;382603.000000;34493.000000;0.000000;176.148163
182.000000;34215.000000;24595.000000;0.000000;301629.000000;34493.000000;0.000000;177.457581
183.000000;34215.000000;23027.000000;0.000000;373354.000000;34493.000000;0.000000;178.752167
184.000000;34215.000000;22877.000000;0.000000;335118.000000;34493.000000;0.000000;180.054321
185.000000;34215.000000;20561.000000;0.000000;462966.000000;34493.000000;0.000000;181.345169
186.000000;34215.000000;25688.000000;0.000000;281616.000000;34493.000000;0.000000;182.632202
187.000000;34215.000000;22952.000000;0.000000;348422.000000;34493.000000;0.000000;183.913269
188.000000;34215.000000;21791.000000;0.000000;374745.000000;34493.000000;0.000000;185.196640
189.000000;34215.000000;24081.000000;0.000000;310779.000000;34493.000000;0.000000;186.483337
190.000000;34215.000000;22305.000000;0.000000;373954.000000;34493.000000;0.000000;187.762741
191.000000;34215.000000;23075.000000;0.000000;305918.000000;34493.000000;0.000000;189.072495
192.000000;34215.000000;23311.000000;0.000000;323574.000000;34493.000000;0.000000;190.384811
193.000000;34215.000000;23170.000000;0.000000;357655.000000;34493.000000;0.000000;191.678497
194.000000;34215.000000;23339.000000;0.000000;337500.000000;34493.000000;0.000000;192.968033
195.000000;34215.000000;20699.000000;0.000000;438943.000000;34493.000000;0.000000;194.252380
196.000000;34215.000000;23141.000000;0.000000;315056.000000;34493.000000;0.000000;195.397034
197.000000;34215.000000;24304.000000;0.000000;312519.000000;34493.000000;0.000000;196.523132
198.000000;34215.000000;22101.000000;0.000000;367344.000000;34493.000000;0.000000;197.647934
199.000000;34215.000000;22336.000000;0.000000;442501.000000;34493.000000;0.000000;198.773224
200.000000;34215.000000;21322.000000;0.000000;438685.000000;34493.000000;0.000000;199.898590
201.000000;34215.000000;21112.000000;0.000000;425119.000000;34493.000000;0.000000;201.293213
202.000000;34215.000000;23990.000000;0.000000;345584.000000;34493.000000;0.000000;202.570236
203.000000;34215.000000;24009.000000;0.000000;341844.000000;34493.000000;0.000000;203.841873
204.000000;34215.000000;24220.000000;0.000000;326453.000000;34493.000000;0.000000;205.111435
205.000000;34215.000000;21398.000000;0.000000;426140.000000;34493.000000;0.000000;206.373032
206.000000;34215.000000;24914.000000;0.000000;288784.000000;34493.000000;0.000000;207.627029
207.000000;34215.000000;23367.000000;0.000000;331922.000000;34493.000000;0.000000;208.879852
208.000000;34215.000000;23063.000000;0.000000;346914.000000;34493.000000;0.000000;210.133545
209.000000;34215.000000;24004.000000;0.000000;336785.000000;34493.000000;0.000000;211.459808
210.000000;34215.000000;23682.000000;0.000000;351507.000000;34493.000000;0.000000;212.833420
211.000000;34215.000000;23245.000000;0.000000;350565.000000;34493.000000;0.000000;214.129700
212.000000;34215.000000;23136.000000;0.000000;335914.000000;34493.000000;0.000000;215.392670
213.000000;34215.000000;22893.000000;0.000000;357651.000000;34493.000000;0.000000;216.653641
214.000000;34215.000000;22230.000000;0.000000;365854.000000;34493.000000;0.000000;217.914673
215.000000;34215.000000;24448.000000;0.000000;326549.000000;34493.000000;0.000000;219.174469
216.000000;34215.000000;20899.000000;0.000000;426337.000000;34493.000000;0.000000;220.322357
217.000000;34215.000000;21814.000000;0.000000;385809.000000;34493.000000;0.000000;221.458344
218.000000;34215.000000;21269.000000;0.000000;418067.000000;34493.000000;0.000000;222.576660
219.000000;34215.000000;20318.000000;0.000000;391223.000000;34493.000000;0.000000;223.695023
220.000000;34215.000000;22318.000000;0.000000;388115.000000;34493.000000;0.000000;224.812592
221.000000;34215.000000;21897.000000;0.000000;397560.000000;34493.000000;0.000000;226.191528
222.000000;34215.000000;20134.000000;0.000000;445446.000000;34493.000000;0.000000;227.477859
223.000000;34215.000000;23178.000000;0.000000;340259.000000;34493.000000;0.000000;228.762253
224.000000;34215.000000;23513.000000;0.000000;306434.000000;34493.000000;0.000000;230.041611
225.000000;34215.000000;21698.000000;0.000000;367801.000000;34493.000000;0.000000;231.335052
226.000000;34215.000000;25581.000000;0.000000;282458.000000;34493.000000;0.000000;232.617630
227.000000;34215.000000;21801.000000;0.000000;424706.000000;34493.000000;0.000000;233.884186
228.000000;34215.000000;23261.000000;0.000000;331590.000000;34493.000000;0.000000;235.150620
229.000000;34215.000000;23750.000000;0.000000;369015.000000;34493.000000;0.000000;236.421051
230.000000;34215.000000;23018.000000;0.000000;349888.000000;34493.000000;0.000000;237.685684
231.000000;34215.000000;22221.000000;0.000000;335765.000000;34493.000000;0.000000;238.952438
232.000000;34215.000000;22987.000000;0.000000;347084.000000;34493.000000;0.000000;240.217636
233.000000;34215.000000;21688.000000;0.000000;383080.000000;34493.000000;0.000000;241.624664
234.000000;34215.000000;22004.000000;0.000000;426872.000000;34493.000000;0.000000;242.900284
235.000000;34215.000000;23298.000000;0.000000;334819.000000;34493.000000;0.000000;244.168823
236.000000;34215.000000;22974.000000;0.000000;346970.000000;34493.000000;0.000000;245.441666
237.000000;34215.000000;21044.000000;0.000000;414598.000000;34493.000000;0.000000;246.739563
238.000000;34215.000000;22063.000000;0.000000;360637.000000;34493.000000;0.000000;248.022461
239.000000;34215.000000;21903.000000;0.000000;405608.000000;34493.000000;0.000000;249.304199
240.000000;34215.000000;22859.000000;0.000000;300514.000000;34493.000000;0.000000;250.604263
241.000000;34215.000000;23449.000000;0.000000;351199.000000;34493.000000;0.000000;252.013245
242.000000;34215.000000;22176.000000;0.000000;341932.000000;34493.000000;0.000000;253.304581
243.000000;34215.000000;22035.000000;0.000000;387147.000000;34493.000000;0.000000;254.585434
244.000000;34215.000000;19824.000000;0.000000;439975.000000;34493.000000;0.000000;255.865952
245.000000;34215.000000;22517.000000;0.000000;375349.000000;34493.000000;0.000000;257.144287
246.000000;34215.000000;21959.000000;0.000000;414742.000000;34493.000000;0.000000;258.423279
247.000000;34215.000000;24386.000000;0.000000;304176.000000;34493.000000;0.000000;259.688538
248.000000;34215.000000;21478.000000;0.000000;416898.000000;34493.000000;0.000000;260.987701
249.000000;34215.000000;21262.000000;0.000000;418487.000000;34493.000000;0.000000;262.256439
250.000000;34215.000000;21481.000000;0.000000;403698.000000;34493.000000;0.000000;263.565674
251.000000;34215.000000;21768.000000;0.000000;327083.000000;34493.000000;0.000000;264.854340
252.000000;34215.000000;24385.000000;0.000000;351731.000000;34493.000000;0.000000;266.142151
253.000000;34215.000000;23580.000000;0.000000;333431.000000;34493.000000;0.000000;267.433777
254.000000;34215.000000;22137.000000;0.000000;380694.000000;34493.000000;0.000000;268.723297
255.000000;34215.000000;22311.000000;0.000000;380969.000000;34493.000000;0.000000;269.879272
256.000000;34215.000000;22204.000000;0.000000;375576.000000;34493.000000;0.000000;271.047729
257.000000;34215.000000;21645.000000;0.000000;406135.000000;34493.000000;0.000000;272.217743
258.000000;34215.000000;23616.000000;0.000000;331445.000000;34493.000000;0.000000;273.354889
259.000000;34215.000000;21377.000000;0.000000;389414.000000;34493.000000;0.000000;274.500458
260.000000;34215.000000;22314.000000;0.000000;351218.000000;34493.000000;0.000000;275.640228
261.000000;34215.000000;21210.000000;0.000000;405466.000000;34493.000000;0.000000;277.037048
262.000000;34215.000000;23285.000000;0.000000;340802.000000;34493.000000;0.000000;278.330750
263.000000;34215.000000;24255.000000;0.000000;280390.000000;34493.000000;0.000000;279.622803
264.000000;34215.000000;20623.000000;0.000000;461144.000000;34493.000000;0.000000;280.939575
265.000000;34215.000000;22074.000000;0.000000;438161.000000;34493.000000;0.000000;282.220764
266.000000;34215.000000;23071.000000;0.000000;395955.000000;34493.000000;0.000000;283.500427
267.000000;34215.000000;20911.000000;0.000000;432286.000000;34493.000000;0.000000;284.773712
268.000000;34215.000000;23981.000000;0.000000;335758.000000;34493.000000;0.000000;286.040649
269.000000;34215.000000;23090.000000;0.000000;365650.000000;34493.000000;0.000000;287.305298
270.000000;34215.000000;23432.000000;0.000000;328382.000000;34493.000000;0.000000;288.563354
271.000000;34215.000000;21276.000000;0.000000;441829.000000;34493.000000;0.000000;289.864014
272.000000;34215.000000;23298.000000;0.000000;337260.000000;34493.000000;0.000000;291.203888
273.000000;34215.000000;21764.000000;0.000000;385621.000000;34493.000000;0.000000;292.485260
274.000000;34215.000000;21188.000000;0.000000;392434.000000;34493.000000;0.000000;293.772644
275.000000;34215.000000;22325.000000;0.000000;425759.000000;34493.000000;0.000000;295.047150
276.000000;34215.000000;21179.000000;0.000000;436481.000000;34493.000000;0.000000;296.200287
277.000000;34215.000000;20573.000000;0.000000;428236.000000;34493.000000;0.000000;297.323334
278.000000;34215.000000;22144.000000;0.000000;364278.000000;34493.000000;0.000000;298.443634
279.000000;34215.000000;22272.000000;0.000000;365907.000000;34493.000000;0.000000;299.574402
280.000000;34215.000000;21414.000000;0.000000;370568.000000;34493.000000;0.000000;300.701874
281.000000;34215.000000;21152.000000;0.000000;370688.000000;34493.000000;0.000000;302.204712
282.000000;34215.000000;22314.000000;0.000000;350931.000000;34493.000000;0.000000;303.497833
283.000000;34215.000000;21889.000000;0.000000;393658.000000;34493.000000;0.000000;304.815399
284.000000;34215.000000;23973.000000;0.000000;300194.000000;34493.000000;0.000000;306.087006
285.000000;34215.000000;22062.000000;0.000000;377268.000000;34493.000000;0.000000;307.364136
286.000000;34215.000000;22530.000000;0.000000;364533.000000;34493.000000;0.000000;308.635071
287.000000;34215.000000;21093.000000;0.000000;419157.000000;34493.000000;0.000000;309.894409
288.000000;34215.000000;22564.000000;0.000000;354578.000000;34493.000000;0.000000;311.182373
289.000000;34215.000000;21877.000000;0.000000;422982.000000;34493.000000;0.000000;312.443848
290.000000;34215.000000;23114.000000;0.000000;406958.000000;34493.000000;0.000000;313.823517
291.000000;34215.000000;21487.000000;0.000000;389093.000000;34493.000000;0.000000;315.165192
292.000000;34215.000000;21047.000000;0.000000;364669.000000;34493.000000;0.000000;316.418823
293.000000;34215.000000;21746.000000;0.000000;396597.000000;34493.000000;0.000000;317.668671
294.000000;34215.000000;22164.000000;0.000000;401618.000000;34493.000000;0.000000;318.918213
295.000000;34215.000000;22801.000000;0.000000;394001.000000;34493.000000;0.000000;320.164978
296.000000;34215.000000;22437.000000;0.000000;374298.000000;34493.000000;0.000000;321.311890
297.000000;34215.000000;22532.000000;0.000000;364656.000000;34493.000000;0.000000;322.425079
298.000000;34215.000000;21163.000000;0.000000;455233.000000;34493.000000;0.000000;323.538940
299.000000;34215.000000;22160.000000;0.000000;336491.000000;34493.000000;0.000000;324.653656
300.000000;34215.000000;22943.000000;0.000000;318847.000000;34493.000000;0.000000;325.768066
301.000000;34215.000000;20710.000000;0.000000;464671.000000;34493.000000;0.000000;327.122650
302.000000;34215.000000;21104.000000;0.000000;417006.000000;34493.000000;0.000000;328.384644
303.000000;34215.000000;22086.000000;0.000000;398636.000000;34493.000000;0.000000;329.646240
304.000000;34215.000000;22508.000000;0.000000;405884.000000;34493.000000;0.000000;330.900635
305.000000;34215.000000;23448.000000;0.000000;330261.000000;34493.000000;0.000000;332.270172
306.000000;34215.000000;21959.000000;0.000000;407508.000000;34493.000000;0.000000;333.516510
307.000000;34215.000000;22972.000000;0.000000;359577.000000;34493.000000;0.000000;334.763763
308.000000;34215.000000;21513.000000;0.000000;430835.000000;34493.000000;0.000000;336.051056
309.000000;34215.000000;21927.000000;0.000000;383491.000000;34493.000000;0.000000;337.332764
310.000000;34215.000000;22768.000000;0.000000;350416.000000;34493.000000;0.000000;338.574554
311.000000;34215.000000;24733.000000;0.000000;292912.000000;34493.000000;0.000000;339.849762
312.000000;34215.000000;20962.000000;0.000000;398747.000000;34493.000000;0.000000;341.124512
313.000000;34215.000000;25053.000000;0.000000;366863.000000;34493.000000;0.000000;342.385620
314.000000;34215.000000;21195.000000;0.000000;361941.000000;34493.000000;0.000000;343.638550
315.000000;34215.000000;23215.000000;0.000000;319276.000000;34493.000000;0.000000;344.893280
316.000000;34215.000000;22843.000000;0.000000;390322.000000;34493.000000;0.000000;346.049408
317.000000;34215.000000;22905.000000;0.000000;373365.000000;34493.000000;0.000000;347.170227
318.000000;34215.000000;21557.000000;0.000000;432456.000000;34493.000000;0.000000;348.285797
319.000000;34215.000000;24622.000000;0.000000;293703.000000;34493.000000;0.000000;349.398560
320.000000;34215.000000;21929.000000;0.000000;421095.000000;34493.000000;0.000000;350.517181
321.000000;34215.000000;22735.000000;0.000000;358038.000000;34493.000000;0.000000;351.898010
322.000000;34215.000000;22651.000000;0.000000;411745.000000;34493.000000;0.000000;353.164703
323.000000;34215.000000;21780.000000;0.000000;403664.000000;34493.000000;0.000000;354.423035
324.000000;34215.000000;22980.000000;0.000000;357517.000000;34493.000000;0.000000;355.678864
325.000000;34215.000000;23890.000000;0.000000;315297.000000;34493.000000;0.000000;356.922668
326.000000;34215.000000;23447.000000;0.000000;345500.000000;34493.000000;0.000000;358.173370
327.000000;34215.000000;23580.000000;0.000000;345389.000000;34493.000000;0.000000;359.426331
328.000000;34215.000000;22739.000000;0.000000;336024.000000;34493.000000;0.000000;360.673431
329.000000;34215.000000;21667.000000;0.000000;424667.000000;34493.000000;0.000000;361.961884
330.000000;34215.000000;22368.000000;0.000000;387665.000000;34493.000000;0.000000;363.537476
331.000000;34215.000000;20500.000000;0.000000;449232.000000;34493.000000;0.000000;364.813416
332.000000;34215.000000;21526.000000;0.000000;423943.000000;34493.000000;0.000000;366.075775
333.000000;34215.000000;22173.000000;0.000000;395687.000000;34493.000000;0.000000;367.336823
334.000000;34215.000000;21044.000000;0.000000;415747.000000;34493.000000;0.000000;368.598907
335.000000;34215.000000;21324.000000;0.000000;413986.000000;34493.000000;0.000000;369.860504
336.000000;34215.000000;22302.000000;0.000000;331076.000000;34493.000000;0.000000;370.998199
337.000000;34215.000000;23555.000000;0.000000;348453.000000;34493.000000;0.000000;372.136749
338.000000;34215.000000;22753.000000;0.000000;377289.000000;34493.000000;0.000000;373.255585
339.000000;34215.000000;22069.000000;0.000000;435014.000000;34493.000000;0.000000;374.372803
340.000000;34215.000000;21627.000000;0.000000;353082.000000;34493.000000;0.000000;375.494629
341.000000;34215.000000;23126.000000;0.000000;382303.000000;34493.000000;0.000000;376.884857
342.000000;34215.000000;21268.000000;0.000000;406813.000000;34493.000000;0.000000;378.162842
343.000000;34215.000000;23475.000000;0.000000;319783.000000;34493.000000;0.000000;379.438416
344.000000;34215.000000;22393.000000;0.000000;366342.000000;34493.000000;0.000000;380.710907
345.000000;34215.000000;21617.000000;0.000000;417147.000000;34493.000000;0.000000;382.007050
346.000000;34215.000000;25481.000000;0.000000;280889.000000;34493.000000;0.000000;383.266083
347.000000;34215.000000;23221.000000;0.000000;373666.000000;34493.000000;0.000000;384.526123
348.000000;34215.000000;22263.000000;0.000000;385034.000000;34493.000000;0.000000;385.786133
349.000000;34215.000000;25517.000000;0.000000;274371.000000;34493.000000;0.000000;387.046722
350.000000;34215.000000;22804.000000;0.000000;374209.000000;34493.000000;0.000000;388.304779
351.000000;34215.000000;23288.000000;0.000000;336346.000000;34493.000000;0.000000;389.596344
352.000000;34215.000000;24691.000000;0.000000;282129.000000;34493.000000;0.000000;390.870514
353.000000;34215.000000;23009.000000;0.000000;333799.000000;34493.000000;0.000000;392.205322
354.000000;34215.000000;23421.000000;0.000000;363104.000000;34493.000000;0.000000;393.477814
355.000000;34215.000000;22817.000000;0.000000;346493.000000;34493.000000;0.000000;394.752228
356.000000;34215.000000;21389.000000;0.000000;384051.000000;34493.000000;0.000000;395.909851
357.000000;34215.000000;21900.000000;0.000000;416510.000000;34493.000000;0.000000;397.043640
358.000000;34215.000000;22366.000000;0.000000;388426.000000;34493.000000;0.000000;398.174225
359.000000;34215.000000;22781.000000;0.000000;379544.000000;34493.000000;0.000000;399.297058
360.000000;34215.000000;22016.000000;0.000000;429324.000000;34493.000000;0.000000;400.462555
361.000000;34215.000000;23473.000000;0.000000;332254.000000;34493.000000;0.000000;401.838837
362.000000;34215.000000;22603.000000;0.000000;355568.000000;34493.000000;0.000000;403.175079
363.000000;34215.000000;22207.000000;0.000000;400180.000000;34493.000000;0.000000;404.447998
364.000000;34215.000000;20974.000000;0.000000;455638.000000;34493.000000;0.000000;405.776215
365.000000;34215.000000;22474.000000;0.000000;368372.000000;34493.000000;0.000000;407.047211
366.000000;34215.000000;24670.000000;0.000000;328166.000000;34493.000000;0.000000;408.311279
367.000000;34215.000000;22221.000000;0.000000;420593.000000;34493.000000;0.000000;409.574890
368.000000;34215.000000;22495.000000;0.000000;356909.000000;34493.000000;0.000000;410.839691
369.000000;34215.000000;21737.000000;0.000000;434384.000000;34493.000000;0.000000;412.133484
370.000000;34215.000000;21771.000000;0.000000;399429.000000;34493.000000;0.000000;413.401917
371.000000;34215.000000;23391.000000;0.000000;367594.000000;34493.000000;0.000000;414.702423
372.000000;34215.000000;22396.000000;0.000000;393065.000000;34493.000000;0.000000;415.983459
373.000000;34215.000000;22456.000000;0.000000;391247.000000;34493.000000;0.000000;417.264618
374.000000;34215.000000;21779.000000;0.000000;379102.000000;34493.000000;0.000000;418.539001
375.000000;34215.000000;21488.000000;0.000000;388044.000000;34493.000000;0.000000;419.808502
376.000000;34215.000000;24009.000000;0.000000;297041.000000;34493.000000;0.000000;420.967346
377.000000;34215.000000;20675.000000;0.000000;409646.000000;34493.000000;0.000000;422.135437
378.000000;34215.000000;23704.000000;0.000000;370895.000000;34493.000000;0.000000;423.270386
379.000000;34215.000000;21899.000000;0.000000;408689.000000;34493.000000;0.000000;424.405487
380.000000;34215.000000;20741.000000;0.000000;392042.000000;34493.000000;0.000000;425.532135
381.000000;34215.000000;22791.000000;0.000000;393767.000000;34493.000000;0.000000;426.914734
382.000000;34215.000000;22623.000000;0.000000;352594.000000;34493.000000;0.000000;428.197693
383.000000;34215.000000;21562.000000;0.000000;384171.000000;34493.000000;0.000000;429.477142
384.000000;34215.000000;22901.000000;0.000000;365951.000000;34493.000000;0.000000;430.754944
385.000000;34215.000000;22625.000000;0.000000;360581.000000;34493.000000;0.000000;432.047058
386.000000;34215.000000;22922.000000;0.000000;349588.000000;34493.000000;0.000000;433.314880
387.000000;34215.000000;21084.000000;0.000000;433465.000000;34493.000000;0.000000;434.602142
388.000000;34215.000000;21692.000000;0.000000;379222.000000;34493.000000;0.000000;435.897430
389.000000;34215.000000;24314.000000;0.000000;348008.000000;34493.000000;0.000000;437.171326
390.000000;34215.000000;22163.000000;0.000000;370608.000000;34493.000000;0.000000;438.448517
391.000000;34215.000000;24991.000000;0.000000;277806.000000;34493.000000;0.000000;439.723785
392.000000;34215.000000;23508.000000;0.000000;341452.000000;34493.000000;0.000000;440.996918
393.000000;34215.000000;23998.000000;0.000000;333975.000000;34493.000000;0.000000;442.310181
394.000000;34215.000000;23652.000000;0.000000;349609.000000;34493.000000;0.000000;443.589233
395.000000;34215.000000;20775.000000;0.000000;478842.000000;34493.000000;0.000000;444.865295
396.000000;34215.000000;23032.000000;0.000000;346763.000000;34493.000000;0.000000;446.138977
397.000000;34215.000000;22325.000000;0.000000;372332.000000;34493.000000;0.000000;447.439148
398.000000;34215.000000;20608.000000;0.000000;420394.000000;34493.000000;0.000000;448.726013
399.000000;34215.000000;21745.000000;0.000000;360149.000000;34493.000000;0.000000;450.010254
400.000000;34215.000000;21851.000000;0.000000;388254.000000;34493.000000;0.000000;451.288635
401.000000;34215.000000;24680.000000;0.000000;361727.000000;34493.000000;0.000000;452.749939
402.000000;34215.000000;21960.000000;0.000000;373676.000000;34493.000000;0.000000;454.052216
403.000000;34215.000000;22355.000000;0.000000;340498.000000;34493.000000;0.000000;455.371521
404.000000;34215.000000;22851.000000;0.000000;331730.000000;34493.000000;0.000000;456.654694
405.000000;34215.000000;22495.000000;0.000000;360059.000000;34493.000000;0.000000;457.929016
406.000000;34215.000000;21699.000000;0.000000;352828.000000;34493.000000;0.000000;459.198792
407.000000;34215.000000;20195.000000;0.000000;371914.000000;34493.000000;0.000000;460.473053
408.000000;34215.000000;24973.000000;0.000000;307430.000000;34493.000000;0.000000;461.761566
409.000000;34215.000000;22442.000000;0.000000;401332.000000;34493.000000;0.000000;463.052612
410.000000;34215.000000;22874.000000;0.000000;359417.000000;34493.000000;0.000000;464.332031
411.000000;34215.000000;23202.000000;0.000000;398273.000000;34493.000000;0.000000;465.638855
412.000000;34215.000000;23647.000000;0.000000;361708.000000;34493.000000;0.000000;466.912354
413.000000;34215.000000;22458.000000;0.000000;354740.000000;34493.000000;0.000000;468.184021
414.000000;34215.000000;22456.000000;0.000000;375762.000000;34493.000000;0.000000;469.457123
415.000000;34215.000000;22635.000000;0.000000;367432.000000;34493.000000;0.000000;470.693298
416.000000;34215.000000;24070.000000;0.000000;333282.000000;34493.000000;0.000000;471.832306
417.000000;34215.000000;22473.000000;0.000000;384459.000000;34493.000000;0.000000;472.981537
418.000000;34215.000000;21872.000000;0.000000;421719.000000;34493.000000;0.000000;474.101807
419.000000;34215.000000;22170.000000;0.000000;387026.000000;34493.000000;0.000000;475.223511
420.000000;34215.000000;22486.000000;0.000000;363783.000000;34493.000000;0.000000;476.348816
421.000000;34215.000000;20784.000000;0.000000;406941.000000;34493.000000;0.000000;477.691681
422.000000;34215.000000;23636.000000;0.000000;347898.000000;34493.000000;0.000000;478.983551
423.000000;34215.000000;21280.000000;0.000000;425479.000000;34493.000000;0.000000;480.256592
424.000000;34215.000000;22397.000000;0.000000;354297.000000;34493.000000;0.000000;481.528809
425.000000;34215.000000;21453.000000;0.000000;388427.000000;34493.000000;0.000000;482.818939
426.000000;34215.000000;21823.000000;0.000000;364260.000000;34493.000000;0.000000;484.082855
427.000000;34215.000000;23604.000000;0.000000;361343.000000;34493.000000;0.000000;485.342316
428.000000;34215.000000;22536.000000;0.000000;345002.000000;34493.000000;0.000000;486.602356
429.000000;34215.000000;23007.000000;0.000000;354664.000000;34493.000000;0.000000;487.863037
430.000000;34215.000000;23319.000000;0.000000;350994.000000;34493.000000;0.000000;489.120758
431.000000;34215.000000;25090.000000;0.000000;255167.000000;34493.000000;0.000000;490.405060
432.000000;34215.000000;23937.000000;0.000000;320654.000000;34493.000000;0.000000;491.681274
433.000000;34215.000000;22659.000000;0.000000;418699.000000;34493.000000;0.000000;492.979736
434.000000;34215.000000;23642.000000;0.000000;344141.000000;34493.000000;0.000000;494.251129
435.000000;34215.000000;22804.000000;0.000000;357194.000000;34493.000000;0.000000;495.516357
436.000000;34215.000000;24343.000000;0.000000;321594.000000;34493.000000;0.000000;496.682068
437.000000;34215.000000;21540.000000;0.000000;366014.000000;34493.000000;0.000000;497.793732
438.000000;34215.000000;22752.000000;0.000000;395297.000000;34493.000000;0.000000;498.906250
439.000000;34215.000000;20514.000000;0.000000;433156.000000;34493.000000;0.000000;500.018341
440.000000;34215.000000;23415.000000;0.000000;332192.000000;34493.000000;0.000000;501.131348
441.000000;34215.000000;23064.000000;0.000000;319516.000000;34493.000000;0.000000;502.514709
442.000000;34215.000000;24175.000000;0.000000;280300.000000;34493.000000;0.000000;503.773346
443.000000;34215.000000;21790.000000;0.000000;402439.000000;34493.000000;0.000000;505.033691
444.000000;34215.000000;23696.000000;0.000000;346019.000000;34493.000000;0.000000;506.286133
445.000000;34215.000000;25676.000000;0.000000;294800.000000;34493.000000;0.000000;507.522339
446.000000;34215.000000;23552.000000;0.000000;325747.000000;34493.000000;0.000000;508.763031
447.000000;34215.000000;22970.000000;0.000000;345619.000000;34493.000000;0.000000;510.002136
448.000000;34215.000000;22024.000000;0.000000;382809.000000;34493.000000;0.000000;511.240417
449.000000;34215.000000;22000.000000;0.000000;339522.000000;34493.000000;0.000000;512.565796
450.000000;34215.000000;21452.000000;0.000000;403055.000000;34493.000000;0.000000;513.807861
451.000000;34215.000000;22186.000000;0.000000;388297.000000;34493.000000;0.000000;515.079712
452.000000;34215.000000;21435.000000;0.000000;441629.000000;34493.000000;0.000000;516.344543
453.000000;34215.000000;21659.000000;0.000000;395065.000000;34493.000000;0.000000;517.595215
454.000000;34215.000000;21811.000000;0.000000;469432.000000;34493.000000;0.000000;518.843933
455.000000;34215.000000;22851.000000;0.000000;360490.000000;34493.000000;0.000000;520.092346
456.000000;34215.000000;21266.000000;0.000000;423032.000000;34493.000000;0.000000;521.258972
457.000000;34215.000000;22116.000000;0.000000;356341.000000;34493.000000;0.000000;522.392578
458.000000;34215.000000;23060.000000;0.000000;384133.000000;34493.000000;0.000000;523.503906
459.000000;34215.000000;25013.000000;0.000000;290865.000000;34493.000000;0.000000;524.615479
460.000000;34215.000000;22596.000000;0.000000;371964.000000;34493.000000;0.000000;525.726562
461.000000;34215.000000;23159.000000;0.000000;326256.000000;34493.000000;0.000000;527.086853
462.000000;34215.000000;21771.000000;0.000000;356532.000000;34493.000000;0.000000;528.357422
463.000000;34215.000000;23052.000000;0.000000;362133.000000;34493.000000;0.000000;529.618896
464.000000;34215.000000;23291.000000;0.000000;321073.000000;34493.000000;0.000000;530.881592
465.000000;34215.000000;21167.000000;0.000000;372424.000000;34493.000000;0.000000;532.147400
466.000000;34215.000000;22437.000000;0.000000;428017.000000;34493.000000;0.000000;533.413391
467.000000;34215.000000;22431.000000;0.000000;405720.000000;34493.000000;0.000000;534.666260
468.000000;34215.000000;22049.000000;0.000000;421014.000000;34493.000000;0.000000;535.915894
469.000000;34215.000000;21461.000000;0.000000;449234.000000;34493.000000;0.000000;537.168091
470.000000;34215.000000;23489.000000;0.000000;358251.000000;34493.000000;0.000000;538.420044
471.000000;34215.000000;23250.000000;0.000000;286430.000000;34493.000000;0.000000;539.702148
472.000000;34215.000000;21674.000000;0.000000;395032.000000;34493.000000;0.000000;540.964172
473.000000;34215.000000;23385.000000;0.000000;321126.000000;34493.000000;0.000000;542.366150
474.000000;34215.000000;22968.000000;0.000000;326797.000000;34493.000000;0.000000;543.629883
475.000000;34215.000000;22993.000000;0.000000;366161.000000;34493.000000;0.000000;544.925903
476.000000;34215.000000;23969.000000;0.000000;338556.000000;34493.000000;0.000000;546.073303
477.000000;34215.000000;22453.000000;0.000000;426477.000000;34493.000000;0.000000;547.190369
478.000000;34215.000000;23097.000000;0.000000;313365.000000;34493.000000;0.000000;548.308960
479.000000;34215.000000;23346.000000;0.000000;347645.000000;34493.000000;0.000000;549.426941
480.000000;34215.000000;21455.000000;0.000000;392387.000000;34493.000000;0.000000;550.693115
481.000000;34215.000000;22541.000000;0.000000;358444.000000;34493.000000;0.000000;552.067566
482.000000;34215.000000;23005.000000;0.000000;392478.000000;34493.000000;0.000000;553.348450
483.000000;34215.000000;22315.000000;0.000000;349838.000000;34493.000000;0.000000;554.605713
484.000000;34215.000000;22823.000000;0.000000;347289.000000;34493.000000;0.000000;555.853455
485.000000;34215.000000;23272.000000;0.000000;331052.000000;34493.000000;0.000000;557.111694
486.000000;34215.000000;21646.000000;0.000000;376801.000000;34493.000000;0.000000;558.367310
487.000000;34215.000000;24102.000000;0.000000;326053.000000;34493.000000;0.000000;559.623474
488.000000;34215.000000;21913.000000;0.000000;372254.000000;34493.000000;0.000000;560.878723
489.000000;34215.000000;23007.000000;0.000000;362619.000000;34493.000000;0.000000;562.135193
490.000000;34215.000000;21456.000000;0.000000;397625.000000;34493.000000;0.000000;563.428894
491.000000;34215.000000;24972.000000;0.000000;294692.000000;34493.000000;0.000000;564.759094
492.000000;34215.000000;21086.000000;0.000000;469803.000000;34493.000000;0.000000;566.028992
493.000000;34215.000000;24674.000000;0.000000;312212.000000;34493.000000;0.000000;567.297791
494.000000;34215.000000;23100.000000;0.000000;375770.000000;34493.000000;0.000000;568.560913
495.000000;34215.000000;21723.000000;0.000000;400895.000000;34493.000000;0.000000;569.730530
496.000000;34215.000000;21233.000000;0.000000;393932.000000;34493.000000;0.000000;570.854248
497.000000;34215.000000;23048.000000;0.000000;342761.000000;34493.000000;0.000000;572.052795
498.000000;34215.000000;21331.000000;0.000000;370230.000000;34493.000000;0.000000;573.202026
499.000000;34215.000000;22677.000000;0.000000;332539.000000;34493.000000;0.000000;574.420898
500.000000;34215.000000;22850.000000;0.000000;361776.000000;34493.000000;0.000000;575.603210
501.000000;34215.000000;22516.000000;0.000000;359026.000000;34493.000000;0.000000;576.976379
502.000000;34215.000000;20088.000000;0.000000;433297.000000;34493.000000;0.000000;578.253174
503.000000;34215.000000;21917.000000;0.000000;382844.000000;34493.000000;0.000000;579.527405
504.000000;34215.000000;21798.000000;0.000000;403018.000000;34493.000000;0.000000;580.806396
505.000000;34215.000000;23896.000000;0.000000;328528.000000;34493.000000;0.000000;582.067688
506.000000;34215.000000;21432.000000;0.000000;357299.000000;34493.000000;0.000000;583.354858
507.000000;34215.000000;21336.000000;0.000000;419131.000000;34493.000000;0.000000;584.614014
508.000000;34215.000000;20976.000000;0.000000;401504.000000;34493.000000;0.000000;585.881714
509.000000;34215.000000;23516.000000;0.000000;360157.000000;34493.000000;0.000000;587.153809
510.000000;34215.000000;22152.000000;0.000000;394017.000000;34493.000000;0.000000;588.442383
511.000000;34215.000000;21169.000000;0.000000;457381.000000;34493.000000;0.000000;589.728455
512.000000;34215.000000;22356.000000;0.000000;328780.000000;34493.000000;0.000000;591.004883
513.000000;34215.000000;20663.000000;0.000000;427243.000000;34493.000000;0.000000;592.285828
514.000000;34215.000000;23504.000000;0.000000;273793.000000;34493.000000;0.000000;593.578308
515.000000;34215.000000;22468.000000;0.000000;341245.000000;34493.000000;0.000000;594.787903
516.000000;34215.000000;23417.000000;0.000000;365418.000000;34493.000000;0.000000;595.920837
517.000000;34215.000000;22146.000000;0.000000;327842.000000;34493.000000;0.000000;597.046448
518.000000;34215.000000;22530.000000;0.000000;381882.000000;34493.000000;0.000000;598.173523
519.000000;34215.000000;23624.000000;0.000000;376488.000000;34493.000000;0.000000;599.300110
520.000000;34215.000000;22057.000000;0.000000;394660.000000;34493.000000;0.000000;600.427246
0.000000;0.000000;0.000000;0.000000;0.000000;0.000000;0.000000;0.000000
0.000000;0.000000;0.000000;0.000000;0.000000;0.000000;0.000000;0.000000
0.000000;0.000000;0.000000;0.000000;0.000000;0.000000;0.000000;0.000000
0.000000;0.000000;0.000000;0.000000;0.000000;0.000000;0.000000;0.000000
0.000000;0.000000;0.000000;0.000000;0.000000;0.000000;0.000000;0.000000
0.000000;0.000000;0.000000;0.000000;0.000000;0.000000;0.000000;0.000000
0.000000;0.000000;0.000000;0.000000;0.000000;0.000000;0.000000;0.000000
0.000000;0.000000;0.000000;0.000000;0.000000;0.000000;0.000000;0.000000
0.000000;0.000000;0.000000;0.000000;0.000000;0.000000;0.000000;0.000000
0.000000;0.000000;0.000000;0.000000;0.000000;0.000000;0.000000;0.000000
0.000000;0.000000;0.000000;0.000000;0.000000;0.000000;0.000000;0.000000
0.000000;0.000000;0.000000;0.000000;0.000000;0.000000;0.000000;0.000000
0.000000;0.000000;0.000000;0.000000;0.000000;0.000000;0.000000;0.000000
0.000000;0.000000;0.000000;0.000000;0.000000;0.000000;0.000000;0.000000
0.000000;0.000000;0.000000;0.000000;0.000000;0.000000;0.000000;0.000000
0.000000;0.000000;0.000000;0.000000;0.000000;0.000000;0.000000;0.000000
0.000000;0.000000;0.000000;0.000000;0.000000;0.000000;0.000000;0.000000
0.000000;0.000000;0.000000;0.000000;0.000000;0.000000;0.000000;0.000000
0.000000;0.000000;0.000000;0.000000;0.000000;0.000000;0.000000;0.000000
0.000000;0.000000;0.000000;0.000000;0.000000;0.000000;0.000000;0.000000
0.000000;0.000000;0.000000;0.000000;0.000000;0.000000;0.000000;0.000000
0.000000;0.000000;0.000000;0.000000;0.000000;0.000000;0.000000;0.000000
0.000000;0.000000;0.000000;0.000000;0.000000;0.000000;0.000000;0.000000
0.000000;0.000000;0.000000;0.000000;0.000000;0.000000;0.000000;0.000000
0.000000;0.000000;0.000000;0.000000;0.000000;0.000000;0.000000;0.000000
0.000000;0.000000;0.000000;0.000000;0.000000;0.000000;0.000000;0.000000
0.000000;0.000000;0.000000;0.000000;0.000000;0.000000;0.000000;0.000000
0.000000;0.000000;0.000000;0.000000;0.000000;0.000000;0.000000;0.000000
0.000000;0.000000;0.000000;0.000000;0.000000;0.000000;0.000000;0.000000
0.000000;0.000000;0.000000;0.000000;0.000000;0.000000;0.000000;0.000000
0.000000;0.000000;0.000000;0.000000;0.000000;0.000000;0.000000;0.000000
0.000000;0.000000;0.000000;0.000000;0.000000;0.000000;0.000000;0.000000
0.000000;0.000000;0.000000;0.000000;0.000000;0.000000;0.000000;0.000000
0.000000;0.000000;0.000000;0.000000;0.000000;0.000000;0.000000;0.000000
0.000000;0.000000;0.000000;0.000000;0.000000;0.000000;0.000000;0.000000
0.000000;0.000000;0.000000;0.000000;0.000000;0.000000;0.000000;0.000000
0.000000;0.000000;0.000000;0.000000;0.000000;0.000000;0.000000;0.000000
0.000000;0.000000;0.000000;0.000000;0.000000;0.000000;0.000000;0.000000
0.000000;0.000000;0.000000;0.000000;0.000000;0.000000;0.000000;0.000000
0.000000;0.000000;0.000000;0.000000;0.000000;0.000000;0.000000;0.000000
0.000000;0.000000;0.000000;0.000000;0.000000;0.000000;0.000000;0.000000
0.000000;0.000000;0.000000;0.000000;0.000000;0.000000;0.000000;0.000000
0.000000;0.000000;0.000000;0.000000;0.000000;0.000000;0.000000;0.000000
0.000000;0.000000;0.000000;0.000000;0.000000;0.000000;0.000000;0.000000
0.000000;0.000000;0.000000;0.000000;0.000000;0.000000;0.000000;0.000000
0.000000;0.000000;0.000000;0.000000;0.000000;0.000000;0.000000;0.000000
0.000000;0.000000;0.000000;0.000000;0.000000;0.000000;0.000000;0.000000
0.000000;0.000000;0.000000;0.000000;0.000000;0.000000;0.000000;0.000000
0.000000;0.000000;0.000000;0.000000;0.000000;0.000000;0.000000;0.000000
0.000000;0.000000;0.000000;0.000000;0.000000;0.000000;0.000000;0.000000
0.000000;0.000000;0.000000;0.000000;0.000000;0.000000;0.000000;0.000000
0.000000;0.000000;0.000000;0.000000;0.000000;0.000000;0.000000;0.000000
0.000000;0.000000;0.000000;0.000000;0.000000;0.000000;0.000000;0.000000
0.000000;0.000000;0.000000;0.000000;0.000000;0.000000;0.000000;0.000000
0.000000;0.000000;0.000000;0.000000;0.000000;0.000000;0.000000;0.000000
0.000000;0.000000;0.000000;0.000000;0.000000;0.000000;0.000000;0.000000
0.000000;0.000000;0.000000;0.000000;0.000000;0.000000;0.000000;0.000000
0.000000;0.000000;0.000000;0.000000;0.000000;0.000000;0.000000;0.000000
0.000000;0.000000;0.000000;0.000000;0.000000;0.000000;0.000000;0.000000
0.000000;0.000000;0.000000;0.000000;0.000000;0.000000;0.000000;0.000000
0.000000;0.000000;0.000000;0.000000;0.000000;0.000000;0.000000;0.000000
0.000000;0.000000;0.000000;0.000000;0.000000;0.000000;0.000000;0.000000
0.000000;0.000000;0.000000;0.000000;0.000000;0.000000;0.000000;0.000000
0.000000;0.000000;0.000000;0.000000;0.000000;0.000000;0.000000;0.000000
0.000000;0.000000;0.000000;0.000000;0.000000;0.000000;0.000000;0.000000
0.000000;0.000000;0.000000;0.000000;0.000000;0.000000;0.000000;0.000000
0.000000;0.000000;0.000000;0.000000;0.000000;0.000000;0.000000;0.000000
0.000000;0.000000;0.000000;0.000000;0.000000;0.000000;0.000000;0.000000
0.000000;0.000000;0.000000;0.000000;0.000000;0.000000;0.000000;0.000000
0.000000;0.000000;0.000000;0.000000;0.000000;0.000000;0.000000;0.000000
0.000000;0.000000;0.000000;0.000000;0.000000;0.000000;0.000000;0.000000
0.000000;0.000000;0.000000;0.000000;0.000000;0.000000;0.000000;0.000000
0.000000;0.000000;0.000000;0.000000;0.000000;0.000000;0.000000;0.000000
0.000000;0.000000;0.000000;0.000000;0.000000;0.000000;0.000000;0.000000
0.000000;0.000000;0.000000;0.000000;0.000000;0.000000;0.000000;0.000000
0.000000;0.000000;0.000000;0.000000;0.000000;0.000000;0.000000;0.000000
0.000000;0.000000;0.000000;0.000000;0.000000;0.000000;0.000000;0.000000
0.000000;0.000000;0.000000;0.000000;0.000000;0.000000;0.000000;0.000000
0.000000;0.000000;0.000000;0.000000;0.000000;0.000000;0.000000;0.000000
0.000000;0.000000;0.000000;0.000000;0.000000;0.000000;0.000000;0.000000
0.000000;0.000000;0.000000;0.000000;0.000000;0.000000;0.000000;0.000000
0.000000;0.000000;0.000000;0.000000;0.000000;0.000000;0.000000;0.000000
0.000000;0.000000;0.000000;0.000000;0.000000;0.000000;0.000000;0.000000
0.000000;0.000000;0.000000;0.000000;0.000000;0.000000;0.000000;0.000000
0.000000;0.000000;0.000000;0.000000;0.000000;0.000000;0.000000;0.000000
0.000000;0.000000;0.000000;0.000000;0.000000;0.000000;0.000000;0.000000
0.000000;0.000000;0.000000;0.000000;0.000000;0.000000;0.000000;0.000000
0.000000;0.000000;0.000000;0.000000;0.000000;0.000000;0.000000;0.000000
0.000000;0.000000;0.000000;0.000000;0.000000;0.000000;0.000000;0.000000
0.000000;0.000000;0.000000;0.000000;0.000000;0.000000;0.000000;0.000000
0.000000;0.000000;0.000000;0.000000;0.000000;0.000000;0.000000;0.000000
0.000000;0.000000;0.000000;0.000000;0.000000;0.000000;0.000000;0.000000
0.000000;0.000000;0.000000;0.000000;0.000000;0.000000;0.000000;0.000000
0.000000;0.000000;0.000000;0.000000;0.000000;0.000000;0.000000;0.000000
0.000000;0.000000;0.000000;0.000000;0.000000;0.000000;0.000000;0.000000
0.000000;0.000000;0.000000;0.000000;0.000000;0.000000;0.000000;0.000000
0.000000;0.000000;0.000000;0.000000;0.000000;0.000000;0.000000;0.000000
0.000000;0.000000;0.000000;0.000000;0.000000;0.000000;0.000000;0.000000
0.000000;0.000000;0.000000;0.000000;0.000000;0.000000;0.000000;0.000000
0.000000;0.000000;0.000000;0.000000;0.000000;0.000000;0.000000;0.000000
0.000000;0.000000;0.000000;0.000000;0.000000;0.000000;0.000000;0.000000
0.000000;0.000000;0.000000;0.000000;0.000000;0.000000;0.000000;0.000000
0.000000;0.000000;0.000000;0.000000;0.000000;0.000000;0.000000;0.000000
0.000000;0.000000;0.000000;0.000000;0.000000;0.000000;0.000000;0.000000
0.000000;0.000000;0.000000;0.000000;0.000000;0.000000;0.000000;0.000000
0.000000;0.000000;0.000000;0.000000;0.000000;0.000000;0.000000;0.000000
0.000000;0.000000;0.000000;0.000000;0.000000;0.000000;0.000000;0.000000
0.000000;0.000000;0.000000;0.000000;0.000000;0.000000;0.000000;0.000000
0.000000;0.000000;0.000000;0.000000;0.000000;0.000000;0.000000;0.000000
0.000000;0.000000;0.000000;0.000000;0.000000;0.000000;0.000000;0.000000
0.000000;0.000000;0.000000;0.000000;0.000000;0.000000;0.000000;0.000000
0.000000;0.000000;0.000000;0.000000;0.000000;0.000000;0.000000;0.000000
0.000000;0.000000;0.000000;0.000000;0.000000;0.000000;0.000000;0.000000
0.000000;0.000000;0.000000;0.000000;0.000000;0.000000;0.000000;0.000000
0.000000;0.000000;0.000000;0.000000;0.000000;0.000000;0.000000;0.000000
0.000000;0.000000;0.000000;0.000000;0.000000;0.000000;0.000000;0.000000
0.000000;0.000000;0.000000;0.000000;0.000000;0.000000;0.000000;0.000000
0.000000;0.000000;0.000000;0.000000;0.000000;0.000000;0.000000;0.000000
0.000000;0.000000;0.000000;0.000000;0.000000;0.000000;0.000000;0.000000
0.000000;0.000000;0.000000;0.000000;0.000000;0.000000;0.000000;0.000000
0.000000;0.000000;0.000000;0.000000;0.000000;0.000000;0.000000;0.000000
0.000000;0.000000;0.000000;0.000000;0.000000;0.000000;0.000000;0.000000
0.000000;0.000000;0.000000;0.000000;0.000000;0.000000;0.000000;0.000000
0.000000;0.000000;0.000000;0.000000;0.000000;0.000000;0.000000;0.000000
0.000000;0.000000;0.000000;0.000000;0.000000;0.000000;0.000000;0.000000
0.000000;0.000000;0.000000;0.000000;0.000000;0.000000;0.000000;0.000000
0.000000;0.000000;0.000000;0.000000;0.000000;0.000000;0.000000;0.000000
0.000000;0.000000;0.000000;0.000000;0.000000;0.000000;0.000000;0.000000
0.000000;0.000000;0.000000;0.000000;0.000000;0.000000;0.000000;0.000000
0.000000;0.000000;0.000000;0.000000;0.000000;0.000000;0.000000;0.000000
0.000000;0.000000;0.000000;0.000000;0.000000;0.000000;0.000000;0.000000
0.000000;0.000000;0.000000;0.000000;0.000000;0.000000;0.000000;0.000000
0.000000;0.000000;0.000000;0.000000;0.000000;0.000000;0.000000;0.000000
0.000000;0.000000;0.000000;0.000000;0.000000;0.000000;0.000000;0.000000
0.000000;0.000000;0.000000;0.000000;0.000000;0.000000;0.000000;0.000000
0.000000;0.000000;0.000000;0.000000;0.000000;0.000000;0.000000;0.000000
0.000000;0.000000;0.000000;0.000000;0.000000;0.000000;0.000000;0.000000
0.000000;0.000000;0.000000;0.000000;0.000000;0.000000;0.000000;0.000000
0.000000;0.000000;0.000000;0.000000;0.000000;0.000000;0.000000;0.000000
0.000000;0.000000;0.000000;0.000000;0.000000;0.000000;0.000000;0.000000
0.000000;0.000000;0.000000;0.000000;0.000000;0.000000;0.000000;0.000000
0.000000;0.000000;0.000000;0.000000;0.000000;0.000000;0.000000;0.000000
0.000000;0.000000;0.000000;0.000000;0.000000;0.000000;0.000000;0.000000
0.000000;0.000000;0.000000;0.000000;0.000000;0.000000;0.000000;0.000000
0.000000;0.000000;0.000000;0.000000;0.000000;0.000000;0.000000;0.000000
0.000000;0.000000;0.000000;0.000000;0.000000;0.000000;0.000000;0.000000
0.000000;0.000000;0.000000;0.000000;0.000000;0.000000;0.000000;0.000000
0.000000;0.000000;0.000000;0.000000;0.000000;0.000000;0.000000;0.000000
0.000000;0.000000;0.000000;0.000000;0.000000;0.000000;0.000000;0.000000
0.000000;0.000000;0.000000;0.000000;0.000000;0.000000;0.000000;0.000000
0.000000;0.000000;0.000000;0.000000;0.000000;0.000000;0.000000;0.000000
0.000000;0.000000;0.000000;0.000000;0.000000;0.000000;0.000000;0.000000
0.000000;0.000000;0.000000;0.000000;0.000000;0.000000;0.000000;0.000000
0.000000;0.000000;0.000000;0.000000;0.000000;0.000000;0.000000;0.000000
0.000000;0.000000;0.000000;0.000000;0.000000;0.000000;0.000000;0.000000
0.000000;0.000000;0.000000;0.000000;0.000000;0.000000;0.000000;0.000000
0.000000;0.000000;0.000000;0.000000;0.000000;0.000000;0.000000;0.000000
0.000000;0.000000;0.000000;0.000000;0.000000;0.000000;0.000000;0.000000
0.000000;0.000000;0.000000;0.000000;0.000000;0.000000;0.000000;0.000000
0.000000;0.000000;0.000000;0.000000;0.000000;0.000000;0.000000;0.000000
0.000000;0.000000;0.000000;0.000000;0.000000;0.000000;0.000000;0.000000
0.000000;0.000000;0.000000;0.000000;0.000000;0.000000;0.000000;0.000000
0.000000;0.000000;0.000000;0.000000;0.000000;0.000000;0.000000;0.000000
0.000000;0.000000;0.000000;0.000000;0.000000;0.000000;0.000000;0.000000
0.000000;0.000000;0.000000;0.000000;0.000000;0.000000;0.000000;0.000000
0.000000;0.000000;0.000000;0.000000;0.000000;0.000000;0.000000;0.000000
0.000000;0.000000;0.000000;0.000000;0.000000;0.000000;0.000000;0.000000
0.000000;0.000000;0.000000;0.000000;0.000000;0.000000;0.000000;0.000000
0.000000;0.000000;0.000000;0.000000;0.000000;0.000000;0.000000;0.000000
0.000000;0.000000;0.000000;0.000000;0.000000;0.000000;0.000000;0.000000
0.000000;0.000000;0.000000;0.000000;0.000000;0.000000;0.000000;0.000000
0.000000;0.000000;0.000000;0.000000;0.000000;0.000000;0.000000;0.000000
0.000000;0.000000;0.000000;0.000000;0.000000;0.000000;0.000000;0.000000
0.000000;0.000000;0.000000;0.000000;0.000000;0.000000;0.000000;0.000000
0.000000;0.000000;0.000000;0.000000;0.000000;0.000000;0.000000;0.000000
0.000000;0.000000;0.000000;0.000000;0.000000;0.000000;0.000000;0.000000
0.000000;0.000000;0.000000;0.000000;0.000000;0.000000;0.000000;0.000000
0.000000;0.000000;0.000000;0.000000;0.000000;0.000000;0.000000;0.000000
0.000000;0.000000;0.000000;0.000000;0.000000;0.000000;0.000000;0.000000
0.000000;0.000000;0.000000;0.000000;0.000000;0.000000;0.000000;0.000000
0.000000;0.000000;0.000000;0.000000;0.000000;0.000000;0.000000;0.000000
0.000000;0.000000;0.000000;0.000000;0.000000;0.000000;0.000000;0.000000
0.000000;0.000000;0.000000;0.000000;0.000000;0.000000;0.000000;0.000000
0.000000;0.000000;0.000000;0.000000;0.000000;0.000000;0.000000;0.000000
0.000000;0.000000;0.000000;0.000000;0.000000;0.000000;0.000000;0.000000
0.000000;0.000000;0.000000;0.000000;0.000000;0.000000;0.000000;0.000000
0.000000;0.000000;0.000000;0.000000;0.000000;0.000000;0.000000;0.000000
0.000000;0.000000;0.000000;0.000000;0.000000;0.000000;0.000000;0.000000
0.000000;0.000000;0.000000;0.000000;0.000000;0.000000;0.000000;0.000000
0.000000;0.000000;0.000000;0.000000;0.000000;0.000000;0.000000;0.000000
0.000000;0.000000;0.000000;0.000000;0.000000;0.000000;0.000000;0.000000
0.000000;0.000000;0.000000;0.000000;0.000000;0.000000;0.000000;0.000000
0.000000;0.000000;0.000000;0.000000;0.000000;0.000000;0.000000;0.000000
0.000000;0.000000;0.000000;0.000000;0.000000;0.000000;0.000000;0.000000
0.000000;0.000000;0.000000;0.000000;0.000000;0.000000;0.000000;0.000000
0.000000;0.000000;0.000000;0.000000;0.000000;0.000000;0.000000;0.000000
0.000000;0.000000;0.000000;0.000000;0.000000;0.000000;0.000000;0.000000
0.000000;0.000000;0.000000;0.000000;0.000000;0.000000;0.000000;0.000000
0.000000;0.000000;0.000000;0.000000;0.000000;0.000000;0.000000;0.000000
0.000000;0.000000;0.000000;0.000000;0.000000;0.000000;0.000000;0.000000
0.000000;0.000000;0.000000;0.000000;0.000000;0.000000;0.000000;0.000000
0.000000;0.000000;0.000000;0.000000;0.000000;0.000000;0.000000;0.000000
0.000000;0.000000;0.000000;0.000000;0.000000;0.000000;0.000000;0.000000
0.000000;0.000000;0.000000;0.000000;0.000000;0.000000;0.000000;0.000000
0.000000;0.000000;0.000000;0.000000;0.000000;0.000000;0.000000;0.000000
0.000000;0.000000;0.000000;0.000000;0.000000;0.000000;0.000000;0.000000
0.000000;0.000000;0.000000;0.000000;0.000000;0.000000;0.000000;0.000000
0.000000;0.000000;0.000000;0.000000;0.000000;0.000000;0.000000;0.000000
0.000000;0.000000;0.000000;0.000000;0.000000;0.000000;0.000000;0.000000
0.000000;0.000000;0.000000;0.000000;0.000000;0.000000;0.000000;0.000000
0.000000;0.000000;0.000000;0.000000;0.000000;0.000000;0.000000;0.000000
0.000000;0.000000;0.000000;0.000000;0.000000;0.000000;0.000000;0.000000
0.000000;0.000000;0.000000;0.000000;0.000000;0.000000;0.000000;0.000000
0.000000;0.000000;0.000000;0.000000;0.000000;0.000000;0.000000;0.000000
0.000000;0.000000;0.000000;0.000000;0.000000;0.000000;0.000000;0.000000
0.000000;0.000000;0.000000;0.000000;0.000000;0.000000;0.000000;0.000000
0.000000;0.000000;0.000000;0.000000;0.000000;0.000000;0.000000;0.000000
0.000000;0.000000;0.000000;0.000000;0.000000;0.000000;0.000000;0.000000
0.000000;0.000000;0.000000;0.000000;0.000000;0.000000;0.000000;0.000000
0.000000;0.000000;0.000000;0.000000;0.000000;0.000000;0.000000;0.000000
0.000000;0.000000;0.000000;0.000000;0.000000;0.000000;0.000000;0.000000
0.000000;0.000000;0.000000;0.000000;0.000000;0.000000;0.000000;0.000000
0.000000;0.000000;0.000000;0.000000;0.000000;0.000000;0.000000;0.000000
0.000000;0.000000;0.000000;0.000000;0.000000;0.000000;0.000000;0.000000
0.000000;0.000000;0.000000;0.000000;0.000000;0.000000;0.000000;0.000000
0.000000;0.000000;0.000000;0.000000;0.000000;0.000000;0.000000;0.000000
0.000000;0.000000;0.000000;0.000000;0.000000;0.000000;0.000000;0.000000
0.000000;0.000000;0.000000;0.000000;0.000000;0.000000;0.000000;0.000000
0.000000;0.000000;0.000000;0.000000;0.000000;0.000000;0.000000;0.000000
0.000000;0.000000;0.000000;0.000000;0.000000;0.000000;0.000000;0.000000
0.000000;0.000000;0.000000;0.000000;0.000000;0.000000;0.000000;0.000000
0.000000;0.000000;0.000000;0.000000;0.000000;0.000000;0.000000;0.000000
0.000000;0.000000;0.000000;0.000000;0.000000;0.000000;0.000000;0.000000
0.000000;0.000000;0.000000;0.000000;0.000000;0.000000;0.000000;0.000000
0.000000;0.000000;0.000000;0.000000;0.000000;0.000000;0.000000;0.000000
0.000000;0.000000;0.000000;0.000000;0.000000;0.000000;0.000000;0.000000
0.000000;0.000000;0.000000;0.000000;0.000000;0.000000;0.000000;0.000000
0.000000;0.000000;0.000000;0.000000;0.000000;0.000000;0.000000;0.000000
0.000000;0.000000;0.000000;0.000000;0.000000;0.000000;0.000000;0.000000
0.000000;0.000000;0.000000;0.000000;0.000000;0.000000;0.000000;0.000000
0.000000;0.000000;0.000000;0.000000;0.000000;0.000000;0.000000;0.000000
0.000000;0.000000;0.000000;0.000000;0.000000;0.000000;0.000000;0.000000
0.000000;0.000000;0.000000;0.000000;0.000000;0.000000;0.000000;0.000000
0.000000;0.000000;0.000000;0.000000;0.000000;0.000000;0.000000;0.000000
0.000000;0.000000;0.000000;0.000000;0.000000;0.000000;0.000000;0.000000
0.000000;0.000000;0.000000;0.000000;0.000000;0.000000;0.000000;0.000000
0.000000;0.000000;0.000000;0.000000;0.000000;0.000000;0.000000;0.000000
0.000000;0.000000;0.000000;0.000000;0.000000;0.000000;0.000000;0.000000
0.000000;0.000000;0.000000;0.000000;0.000000;0.000000;0.000000;0.000000
0.000000;0.000000;0.000000;0.000000;0.000000;0.000000;0.000000;0.000000
0.000000;0.000000;0.000000;0.000000;0.000000;0.000000;0.000000;0.000000
0.000000;0.000000;0.000000;0.000000;0.000000;0.000000;0.000000;0.000000
0.000000;0.000000;0.000000;0.000000;0.000000;0.000000;0.000000;0.000000
0.000000;0.000000;0.000000;0.000000;0.000000;0.000000;0.000000;0.000000
0.000000;0.000000;0.000000;0.000000;0.000000;0.000000;0.000000;0.000000
0.000000;0.000000;0.000000;0.000000;0.000000;0.000000;0.000000;0.000000
0.000000;0.000000;0.000000;0.000000;0.000000;0.000000;0.000000;0.000000
0.000000;0.000000;0.000000;0.000000;0.000000;0.000000;0.000000;0.000000
0.000000;0.000000;0.000000;0.000000;0.000000;0.000000;0.000000;0.000000
0.000000;0.000000;0.000000;0.000000;0.000000;0.000000;0.000000;0.000000
0.000000;0.000000;0.000000;0.000000;0.000000;0.000000;0.000000;0.000000
0.000000;0.000000;0.000000;0.000000;0.000000;0.000000;0.000000;0.000000
0.000000;0.000000;0.000000;0.000000;0.000000;0.000000;0.000000;0.000000
0.000000;0.000000;0.000000;0.000000;0.000000;0.000000;0.000000;0.000000
0.000000;0.000000;0.000000;0.000000;0.000000;0.000000;0.000000;0.000000
0.000000;0.000000;0.000000;0.000000;0.000000;0.000000;0.000000;0.000000
0.000000;0.000000;0.000000;0.000000;0.000000;0.000000;0.000000;0.000000
0.000000;0.000000;0.000000;0.000000;0.000000;0.000000;0.000000;0.000000
0.000000;0.000000;0.000000;0.000000;0.000000;0.000000;0.000000;0.000000
0.000000;0.000000;0.000000;0.000000;0.000000;0.000000;0.000000;0.000000
0.000000;0.000000;0.000000;0.000000;0.000000;0.000000;0.000000;0.000000
0.000000;0.000000;0.000000;0.000000;0.000000;0.000000;0.000000;0.000000
0.000000;0.000000;0.000000;0.000000;0.000000;0.000000;0.000000;0.000000
0.000000;0.000000;0.000000;0.000000;0.000000;0.000000;0.000000;0.000000
0.000000;0.000000;0.000000;0.000000;0.000000;0.000000;0.000000;0.000000
0.000000;0.000000;0.000000;0.000000;0.000000;0.000000;0.000000;0.000000
0.000000;0.000000;0.000000;0.000000;0.000000;0.000000;0.000000;0.000000
0.000000;0.000000;0.000000;0.000000;0.000000;0.000000;0.000000;0.000000
0.000000;0.000000;0.000000;0.000000;0.000000;0.000000;0.000000;0.000000
0.000000;0.000000;0.000000;0.000000;0.000000;0.000000;0.000000;0.000000
0.000000;0.000000;0.000000;0.000000;0.000000;0.000000;0.000000;0.000000
0.000000;0.000000;0.000000;0.000000;0.000000;0.000000;0.000000;0.000000
0.000000;0.000000;0.000000;0.000000;0.000000;0.000000;0.000000;0.000000
0.000000;0.000000;0.000000;0.000000;0.000000;0.000000;0.000000;0.000000
0.000000;0.000000;0.000000;0.000000;0.000000;0.000000;0.000000;0.000000
0.000000;0.000000;0.000000;0.000000;0.000000;0.000000;0.000000;0.000000
0.000000;0.000000;0.000000;0.000000;0.000000;0.000000;0.000000;0.000000
0.000000;0.000000;0.000000;0.000000;0.000000;0.000000;0.000000;0.000000
0.000000;0.000000;0.000000;0.000000;0.000000;0.000000;0.000000;0.000000
0.000000;0.000000;0.000000;0.000000;0.000000;0.000000;0.000000;0.000000
0.000000;0.000000;0.000000;0.000000;0.000000;0.000000;0.000000;0.000000
0.000000;0.000000;0.000000;0.000000;0.000000;0.000000;0.000000;0.000000
0.000000;0.000000;0.000000;0.000000;0.000000;0.000000;0.000000;0.000000
0.000000;0.000000;0.000000;0.000000;0.000000;0.000000;0.000000;0.000000
0.000000;0.000000;0.000000;0.000000;0.000000;0.000000;0.000000;0.000000
0.000000;0.000000;0.000000;0.000000;0.000000;0.000000;0.000000;0.000000
0.000000;0.000000;0.000000;0.000000;0.000000;0.000000;0.000000;0.000000
0.000000;0.000000;0.000000;0.000000;0.000000;0.000000;0.000000;0.000000
0.000000;0.000000;0.000000;0.000000;0.000000;0.000000;0.000000;0.000000
0.000000;0.000000;0.000000;0.000000;0.000000;0.000000;0.000000;0.000000
0.000000;0.000000;0.000000;0.000000;0.000000;0.000000;0.000000;0.000000
0.000000;0.000000;0.000000;0.000000;0.000000;0.000000;0.000000;0.000000
0.000000;0.000000;0.000000;0.000000;0.000000;0.000000;0.000000;0.000000
0.000000;0.000000;0.000000;0.000000;0.000000;0.000000;0.000000;0.000000
0.000000;0.000000;0.000000;0.000000;0.000000;0.000000;0.000000;0.000000
0.000000;0.000000;0.000000;0.000000;0.000000;0.000000;0.000000;0.000000
0.000000;0.000000;0.000000;0.000000;0.000000;0.000000;0.000000;0.000000
0.000000;0.000000;0.000000;0.000000;0.000000;0.000000;0.000000;0.000000
0.000000;0.000000;0.000000;0.000000;0.000000;0.000000;0.000000;0.000000
0.000000;0.000000;0.000000;0.000000;0.000000;0.000000;0.000000;0.000000
0.000000;0.000000;0.000000;0.000000;0.000000;0.000000;0.000000;0.000000
0.000000;0.000000;0.000000;0.000000;0.000000;0.000000;0.000000;0.000000
0.000000;0.000000;0.000000;0.000000;0.000000;0.000000;0.000000;0.000000
0.000000;0.000000;0.000000;0.000000;0.000000;0.000000;0.000000;0.000000
0.000000;0.000000;0.000000;0.000000;0.000000;0.000000;0.000000;0.000000
0.000000;0.000000;0.000000;0.000000;0.000000;0.000000;0.000000;0.000000
0.000000;0.000000;0.000000;0.000000;0.000000;0.000000;0.000000;0.000000
0.000000;0.000000;0.000000;0.000000;0.000000;0.000000;0.000000;0.000000
0.000000;0.000000;0.000000;0.000000;0.000000;0.000000;0.000000;0.000000
0.000000;0.000000;0.000000;0.000000;0.000000;0.000000;0.000000;0.000000
0.000000;0.000000;0.000000;0.000000;0.000000;0.000000;0.000000;0.000000
0.000000;0.000000;0.000000;0.000000;0.000000;0.000000;0.000000;0.000000
0.000000;0.000000;0.000000;0.000000;0.000000;0.000000;0.000000;0.000000
0.000000;0.000000;0.000000;0.000000;0.000000;0.000000;0.000000;0.000000
0.000000;0.000000;0.000000;0.000000;0.000000;0.000000;0.000000;0.000000
0.000000;0.000000;0.000000;0.000000;0.000000;0.000000;0.000000;0.000000
0.000000;0.000000;0.000000;0.000000;0.000000;0.000000;0.000000;0.000000
0.000000;0.000000;0.000000;0.000000;0.000000;0.000000;0.000000;0.000000
0.000000;0.000000;0.000000;0.000000;0.000000;0.000000;0.000000;0.000000
0.000000;0.000000;0.000000;0.000000;0.000000;0.000000;0.000000;0.000000
0.000000;0.000000;0.000000;0.000000;0.000000;0.000000;0.000000;0.000000
0.000000;0.000000;0.000000;0.000000;0.000000;0.000000;0.000000;0.000000
0.000000;0.000000;0.000000;0.000000;0.000000;0.000000;0.000000;0.000000
0.000000;0.000000;0.000000;0.000000;0.000000;0.000000;0.000000;0.000000
0.000000;0.000000;0.000000;0.000000;0.000000;0.000000;0.000000;0.000000
0.000000;0.000000;0.000000;0.000000;0.000000;0.000000;0.000000;0.000000
0.000000;0.000000;0.000000;0.000000;0.000000;0.000000;0.000000;0.000000
0.000000;0.000000;0.000000;0.000000;0.000000;0.000000;0.000000;0.000000
0.000000;0.000000;0.000000;0.000000;0.000000;0.000000;0.000000;0.000000
0.000000;0.000000;0.000000;0.000000;0.000000;0.000000;0.000000;0.000000
0.000000;0.000000;0.000000;0.000000;0.000000;0.000000;0.000000;0.000000
0.000000;0.000000;0.000000;0.000000;0.000000;0.000000;0.000000;0.000000
0.000000;0.000000;0.000000;0.000000;0.000000;0.000000;0.000000;0.000000
0.000000;0.000000;0.000000;0.000000;0.000000;0.000000;0.000000;0.000000
0.000000;0.000000;0.000000;0.000000;0.000000;0.000000;0.000000;0.000000
0.000000;0.000000;0.000000;0.000000;0.000000;0.000000;0.000000;0.000000
0.000000;0.000000;0.000000;0.000000;0.000000;0.000000;0.000000;0.000000
0.000000;0.000000;0.000000;0.000000;0.000000;0.000000;0.000000;0.000000
0.000000;0.000000;0.000000;0.000000;0.000000;0.000000;0.000000;0.000000
0.000000;0.000000;0.000000;0.000000;0.000000;0.000000;0.000000;0.000000
0.000000;0.000000;0.000000;0.000000;0.000000;0.000000;0.000000;0.000000
0.000000;0.000000;0.000000;0.000000;0.000000;0.000000;0.000000;0.000000
0.000000;0.000000;0.000000;0.000000;0.000000;0.000000;0.000000;0.000000
0.000000;0.000000;0.000000;0.000000;0.000000;0.000000;0.000000;0.000000
0.000000;0.000000;0.000000;0.000000;0.000000;0.000000;0.000000;0.000000
0.000000;0.000000;0.000000;0.000000;0.000000;0.000000;0.000000;0.000000
0.000000;0.000000;0.000000;0.000000;0.000000;0.000000;0.000000;0.000000
0.000000;0.000000;0.000000;0.000000;0.000000;0.000000;0.000000;0.000000
0.000000;0.000000;0.000000;0.000000;0.000000;0.000000;0.000000;0.000000
0.000000;0.000000;0.000000;0.000000;0.000000;0.000000;0.000000;0.000000
0.000000;0.000000;0.000000;0.000000;0.000000;0.000000;0.000000;0.000000
0.000000;0.000000;0.000000;0.000000;0.000000;0.000000;0.000000;0.000000
0.000000;0.000000;0.000000;0.000000;0.000000;0.000000;0.000000;0.000000
0.000000;0.000000;0.000000;0.000000;0.000000;0.000000;0.000000;0.000000
0.000000;0.000000;0.000000;0.000000;0.000000;0.000000;0.000000;0.000000
0.000000;0.000000;0.000000;0.000000;0.000000;0.000000;0.000000;0.000000
0.000000;0.000000;0.000000;0.000000;0.000000;0.000000;0.000000;0.000000
0.000000;0.000000;0.000000;0.000000;0.000000;0.000000;0.000000;0.000000
0.000000;0.000000;0.000000;0.000000;0.000000;0.000000;0.000000;0.000000
0.000000;0.000000;0.000000;0.000000;0.000000;0.000000;0.000000;0.000000
0.000000;0.000000;0.000000;0.000000;0.000000;0.000000;0.000000;0.000000
0.000000;0.000000;0.000000;0.000000;0.000000;0.000000;0.000000;0.000000
0.000000;0.000000;0.000000;0.000000;0.000000;0.000000;0.000000;0.000000
0.000000;0.000000;0.000000;0.000000;0.000000;0.000000;0.000000;0.000000
0.000000;0.000000;0.000000;0.000000;0.000000;0.000000;0.000000;0.000000
0.000000;0.000000;0.000000;0.000000;0.000000;0.000000;0.000000;0.000000
0.000000;0.000000;0.000000;0.000000;0.000000;0.000000;0.000000;0.000000
0.000000;0.000000;0.000000;0.000000;0.000000;0.000000;0.000000;0.000000
0.000000;0.000000;0.000000;0.000000;0.000000;0.000000;0.000000;0.000000
0.000000;0.000000;0.000000;0.000000;0.000000;0.000000;0.000000;0.000000
0.000000;0.000000;0.000000;0.000000;0.000000;0.000000;0.000000;0.000000
0.000000;0.000000;0.000000;0.000000;0.000000;0.000000;0.000000;0.000000
0.000000;0.000000;0.000000;0.000000;0.000000;0.000000;0.000000;0.000000
0.000000;0.000000;0.000000;0.000000;0.000000;0.000000;0.000000;0.000000
0.000000;0.000000;0.000000;0.000000;0.000000;0.000000;0.000000;0.000000
0.000000;0.000000;0.000000;0.000000;0.000000;0.000000;0.000000;0.000000
0.000000;0.000000;0.000000;0.000000;0.000000;0.000000;0.000000;0.000000
0.000000;0.000000;0.000000;0.000000;0.000000;0.000000;0.000000;0.000000
0.000000;0.000000;0.000000;0.000000;0.000000;0.000000;0.000000;0.000000
0.000000;0.000000;0.000000;0.000000;0.000000;0.000000;0.000000;0.000000
0.000000;0.000000;0.000000;0.000000;0.000000;0.000000;0.000000;0.000000
0.000000;0.000000;0.000000;0.000000;0.000000;0.000000;0.000000;0.000000
0.000000;0.000000;0.000000;0.000000;0.000000;0.000000;0.000000;0.000000
0.000000;0.000000;0.000000;0.000000;0.000000;0.000000;0.000000;0.000000
0.000000;0.000000;0.000000;0.000000;0.000000;0.000000;0.000000;0.000000
0.000000;0.000000;0.000000;0.000000;0.000000;0.000000;0.000000;0.000000
0.000000;0.000000;0.000000;0.000000;0.000000;0.000000;0.000000;0.000000
0.000000;0.000000;0.000000;0.000000;0.000000;0.000000;0.000000;0.000000
0.000000;0.000000;0.000000;0.000000;0.000000;0.000000;0.000000;0.000000
0.000000;0.000000;0.000000;0.000000;0.000000;0.000000;0.000000;0.000000
0.000000;0.000000;0.000000;0.000000;0.000000;0.000000;0.000000;0.000000
0.000000;0.000000;0.000000;0.000000;0.000000;0.000000;0.000000;0.000000
0.000000;0.000000;0.000000;0.000000;0.000000;0.000000;0.000000;0.000000
0.000000;0.000000;0.000000;0.000000;0.000000;0.000000;0.000000;0.000000
0.000000;0.000000;0.000000;0.000000;0.000000;0.000000;0.000000;0.000000
0.000000;0.000000;0.000000;0.000000;0.000000;0.000000;0.000000;0.000000
0.000000;0.000000;0.000000;0.000000;0.000000;0.000000;0.000000;0.000000
0.000000;0.000000;0.000000;0.000000;0.000000;0.000000;0.000000;0.000000
0.000000;0.000000;0.000000;0.000000;0.000000;0.000000;0.000000;0.000000
0.000000;0.000000;0.000000;0.000000;0.000000;0.000000;0.000000;0.000000
0.000000;0.000000;0.000000;0.000000;0.000000;0.000000;0.000000;0.000000
0.000000;0.000000;0.000000;0.000000;0.000000;0.000000;0.000000;0.000000
0.000000;0.000000;0.000000;0.000000;0.000000;0.000000;0.000000;0.000000
0.000000;0.000000;0.000000;0.000000;0.000000;0.000000;0.000000;0.000000
0.000000;0.000000;0.000000;0.000000;0.000000;0.000000;0.000000;0.000000
0.000000;0.000000;0.000000;0.000000;0.000000;0.000000;0.000000;0.000000
0.000000;0.000000;0.000000;0.000000;0.000000;0.000000;0.000000;0.000000
0.000000;0.000000;0.000000;0.000000;0.000000;0.000000;0.000000;0.000000
0.000000;0.000000;0.000000;0.000000;0.000000;0.000000;0.000000;0.000000
0.000000;0.000000;0.000000;0.000000;0.000000;0.000000;0.000000;0.000000
0.000000;0.000000;0.000000;0.000000;0.000000;0.000000;0.000000;0.000000
0.000000;0.000000;0.000000;0.000000;0.000000;0.000000;0.000000;0.000000
0.000000;0.000000;0.000000;0.000000;0.000000;0.000000;0.000000;0.000000
0.000000;0.000000;0.000000;0.000000;0.000000;0.000000;0.000000;0.000000
0.000000;0.000000;0.000000;0.000000;0.000000;0.000000;0.000000;0.000000
0.000000;0.000000;0.000000;0.000000;0.000000;0.000000;0.000000;0.000000
0.000000;0.000000;0.000000;0.000000;0.000000;0.000000;0.000000;0.000000
0.000000;0.000000;0.000000;0.000000;0.000000;0.000000;0.000000;0.000000
0.000000;0.000000;0.000000;0.000000;0.000000;0.000000;0.000000;0.000000
0.000000;0.000000;0.000000;0.000000;0.000000;0.000000;0.000000;0.000000
0.000000;0.000000;0.000000;0.000000;0.000000;0.000000;0.000000;0.000000
0.000000;0.000000;0.000000;0.000000;0.000000;0.000000;0.000000;0.000000
0.000000;0.000000;0.000000;0.000000;0.000000;0.000000;0.000000;0.000000
0.000000;0.000000;0.000000;0.000000;0.000000;0.000000;0.000000;0.000000
0.000000;0.000000;0.000000;0.000000;0.000000;0.000000;0.000000;0.000000
0.000000;0.000000;0.000000;0.000000;0.000000;0.000000;0.000000;0.000000
0.000000;0.000000;0.000000;0.000000;0.000000;0.000000;0.000000;0.000000
0.000000;0.000000;0.000000;0.000000;0.000000;0.000000;0.000000;0.000000
0.000000;0.000000;0.000000;0.000000;0.000000;0.000000;0.000000;0.000000
0.000000;0.000000;0.000000;0.000000;0.000000;0.000000;0.000000;0.000000
0.000000;0.000000;0.000000;0.000000;0.000000;0.000000;0.000000;0.000000
0.000000;0.000000;0.000000;0.000000;0.000000;0.000000;0.000000;0.000000
0.000000;0.000000;0.000000;0.000000;0.000000;0.000000;0.000000;0.000000
0.000000;0.000000;0.000000;0.000000;0.000000;0.000000;0.000000;0.000000
0.000000;0.000000;0.000000;0.000000;0.000000;0.000000;0.000000;0.000000
0.000000;0.000000;0.000000;0.000000;0.000000;0.000000;0.000000;0.000000
0.000000;0.000000;0.000000;0.000000;0.000000;0.000000;0.000000;0.000000
0.000000;0.000000;0.000000;0.000000;0.000000;0.000000;0.000000;0.000000
0.000000;0.000000;0.000000;0.000000;0.000000;0.000000;0.000000;0.000000
0.000000;0.000000;0.000000;0.000000;0.000000;0.000000;0.000000;0.000000
0.000000;0.000000;0.000000;0.000000;0.000000;0.000000;0.000000;0.000000
0.000000;0.000000;0.000000;0.000000;0.000000;0.000000;0.000000;0.000000
0.000000;0.000000;0.000000;0.000000;0.000000;0.000000;0.000000;0.000000
0.000000;0.000000;0.000000;0.000000;0.000000;0.000000;0.000000;0.000000
0.000000;0.000000;0.000000;0.000000;0.000000;0.000000;0.000000;0.000000
0.000000;0.000000;0.000000;0.000000;0.000000;0.000000;0.000000;0.000000
0.000000;0.000000;0.000000;0.000000;0.000000;0.000000;0.000000;0.000000
0.000000;0.000000;0.000000;0.000000;0.000000;0.000000;0.000000;0.000000
0.000000;0.000000;0.000000;0.000000;0.000000;0.000000;0.000000;0.000000
0.000000;0.000000;0.000000;0.000000;0.000000;0.000000;0.000000;0.000000
0.000000;0.000000;0.000000;0.000000;0.000000;0.000000;0.000000;0.000000
0.000000;0.000000;0.000000;0.000000;0.000000;0.000000;0.000000;0.000000
0.000000;0.000000;0.000000;0.000000;0.000000;0.000000;0.000000;0.000000
0.000000;0.000000;0.000000;0.000000;0.000000;0.000000;0.000000;0.000000
0.000000;0.000000;0.000000;0.000000;0.000000;0.000000;0.000000;0.000000
0.000000;0.000000;0.000000;0.000000;0.000000;0.000000;0.000000;0.000000
0.000000;0.000000;0.000000;0.000000;0.000000;0.000000;0.000000;0.000000
0.000000;0.000000;0.000000;0.000000;0.000000;0.000000;0.000000;0.000000
0.000000;0.000000;0.000000;0.000000;0.000000;0.000000;0.000000;0.000000
0.000000;0.000000;0.000000;0.000000;0.000000;0.000000;0.000000;0.000000
0.000000;0.000000;0.000000;0.000000;0.000000;0.000000;0.000000;0.000000
0.000000;0.000000;0.000000;0.000000;0.000000;0.000000;0.000000;0.000000
0.000000;0.000000;0.000000;0.000000;0.000000;0.000000;0.000000;0.000000
0.000000;0.000000;0.000000;0.000000;0.000000;0.000000;0.000000;0.000000
0.000000;0.000000;0.000000;0.000000;0.000000;0.000000;0.000000;0.000000
0.000000;0.000000;0.000000;0.000000;0.000000;0.000000;0.000000;0.000000
0.000000;0.000000;0.000000;0.000000;0.000000;0.000000;0.000000;0.000000
0.000000;0.000000;0.000000;0.000000;0.000000;0.000000;0.000000;0.000000
0.000000;0.000000;0.000000;0.000000;0.000000;0.000000;0.000000;0.000000
