0.000000;-1.000000;19899.000000;0.000000;478880.000000;0.000000;0.000000;0.460105
1.000000;-1.000000;27607.000000;0.000000;241518.000000;0.000000;0.000000;0.978579
2.000000;-1.000000;22036.000000;0.000000;384052.000000;0.000000;0.000000;1.596185
3.000000;-1.000000;24605.000000;0.000000;309303.000000;0.000000;0.000000;2.152945
4.000000;-1.000000;23466.000000;0.000000;362177.000000;0.000000;0.000000;2.683567
5.000000;-1.000000;24715.000000;0.000000;367084.000000;0.000000;0.000000;3.218341
6.000000;-1.000000;25043.000000;0.000000;307638.000000;0.000000;0.000000;3.766725
7.000000;-1.000000;22131.000000;0.000000;376118.000000;0.000000;0.000000;4.301399
8.000000;-1.000000;24439.000000;0.000000;315633.000000;0.000000;0.000000;4.830828
9.000000;-1.000000;24020.000000;0.000000;337583.000000;0.000000;0.000000;5.364230
10.000000;-1.000000;22746.000000;0.000000;338802.000000;0.000000;0.000000;5.894604
11.000000;-1.000000;24818.000000;0.000000;331264.000000;0.000000;0.000000;6.426919
12.000000;-1.000000;23040.000000;0.000000;374101.000000;0.000000;0.000000;6.960855
13.000000;-1.000000;24827.000000;0.000000;348810.000000;0.000000;0.000000;7.497221
14.000000;-1.000000;25504.000000;0.000000;290488.000000;0.000000;0.000000;8.028636
15.000000;-1.000000;23735.000000;0.000000;335865.000000;0.000000;0.000000;8.558903
16.000000;-1.000000;25802.000000;0.000000;295469.000000;0.000000;0.000000;9.090210
17.000000;-1.000000;25702.000000;0.000000;272653.000000;0.000000;0.000000;9.622915
18.000000;-1.000000;27241.000000;0.000000;242821.000000;0.000000;0.000000;10.152676
19.000000;-1.000000;25236.000000;0.000000;329250.000000;0.000000;0.000000;10.683347
20.000000;-1.000000;23553.000000;0.000000;327038.000000;0.000000;0.000000;11.271549
21.000000;-1.000000;25007.000000;0.000000;277779.000000;0.000000;0.000000;11.902943
22.000000;-1.000000;26838.000000;0.000000;260305.000000;0.000000;0.000000;12.502102
23.000000;-1.000000;25058.000000;0.000000;294238.000000;0.000000;0.000000;13.094952
24.000000;-1.000000;22872.000000;0.000000;381205.000000;0.000000;0.000000;13.677699
25.000000;-1.000000;24503.000000;0.000000;377188.000000;0.000000;0.000000;14.260999
26.000000;-1.000000;23798.000000;0.000000;355277.000000;0.000000;0.000000;14.835192
27.000000;-1.000000;28079.000000;0.000000;241624.000000;0.000000;0.000000;15.415509
28.000000;-1.000000;25109.000000;0.000000;275819.000000;0.000000;0.000000;15.990147
29.000000;-1.000000;24572.000000;0.000000;284223.000000;0.000000;0.000000;16.568810
30.000000;-1.000000;27381.000000;0.000000;287003.000000;0.000000;0.000000;17.146074
31.000000;-1.000000;25154.000000;0.000000;327062.000000;0.000000;0.000000;17.721666
32.000000;-1.000000;25100.000000;0.000000;324790.000000;0.000000;0.000000;18.296041
33.000000;-1.000000;24561.000000;0.000000;331769.000000;0.000000;0.000000;18.872955
34.000000;-1.000000;23904.000000;0.000000;404057.000000;0.000000;0.000000;19.445530
35.000000;-1.000000;24111.000000;0.000000;321599.000000;0.000000;0.000000;20.020412
36.000000;-1.000000;24100.000000;0.000000;359700.000000;0.000000;0.000000;20.590504
37.000000;-1.000000;22824.000000;0.000000;357666.000000;0.000000;0.000000;21.162357
38.000000;-1.000000;24649.000000;0.000000;345774.000000;0.000000;0.000000;21.726654
39.000000;-1.000000;24497.000000;0.000000;350774.000000;0.000000;0.000000;22.294649
40.000000;-1.000000;24889.000000;0.000000;314647.000000;0.000000;0.000000;22.952833
41.000000;-1.000000;23970.000000;0.000000;382716.000000;0.000000;0.000000;23.660831
42.000000;-1.000000;26948.000000;0.000000;291182.000000;0.000000;0.000000;24.370981
43.000000;-1.000000;25752.000000;0.000000;296872.000000;0.000000;0.000000;25.034376
44.000000;-1.000000;24901.000000;0.000000;314776.000000;0.000000;0.000000;25.697948
45.000000;-1.000000;24756.000000;0.000000;370829.000000;0.000000;0.000000;26.360132
46.000000;-1.000000;23368.000000;0.000000;343370.000000;0.000000;0.000000;27.022320
47.000000;-1.000000;25112.000000;0.000000;319745.000000;0.000000;0.000000;27.680733
48.000000;-1.000000;27111.000000;0.000000;258798.000000;0.000000;0.000000;28.341162
49.000000;-1.000000;28351.000000;0.000000;188718.000000;0.000000;0.000000;29.003033
50.000000;-1.000000;27708.000000;0.000000;251227.000000;0.000000;0.000000;29.660339
51.000000;-1.000000;26583.000000;0.000000;280610.000000;0.000000;0.000000;30.433802
52.000000;-1.000000;22825.000000;0.000000;369173.000000;0.000000;0.000000;31.102629
53.000000;-1.000000;23110.000000;0.000000;378738.000000;0.000000;0.000000;31.757406
54.000000;-1.000000;23277.000000;0.000000;366544.000000;0.000000;0.000000;32.407032
55.000000;-1.000000;25932.000000;0.000000;309211.000000;0.000000;0.000000;33.064568
56.000000;-1.000000;23945.000000;0.000000;357696.000000;0.000000;0.000000;33.722076
57.000000;-1.000000;24754.000000;0.000000;298531.000000;0.000000;0.000000;34.407013
58.000000;-1.000000;25580.000000;0.000000;300207.000000;0.000000;0.000000;35.065002
59.000000;-1.000000;24005.000000;0.000000;332759.000000;0.000000;0.000000;35.763489
60.000000;-1.000000;24089.000000;0.000000;356135.000000;0.000000;0.000000;36.602928
61.000000;-1.000000;22812.000000;0.000000;421360.000000;0.000000;0.000000;37.626865
62.000000;-1.000000;25871.000000;0.000000;277556.000000;0.000000;0.000000;38.467655
63.000000;-1.000000;23220.000000;0.000000;395057.000000;0.000000;0.000000;39.312698
64.000000;-1.000000;25437.000000;0.000000;276503.000000;0.000000;0.000000;40.159306
65.000000;-1.000000;24678.000000;0.000000;345851.000000;0.000000;0.000000;41.001263
66.000000;-1.000000;23135.000000;0.000000;361943.000000;0.000000;0.000000;41.828629
67.000000;-1.000000;25798.000000;0.000000;306949.000000;0.000000;0.000000;42.664635
68.000000;-1.000000;25722.000000;0.000000;288480.000000;0.000000;0.000000;43.495472
69.000000;-1.000000;23722.000000;0.000000;336372.000000;0.000000;0.000000;44.351929
70.000000;-1.000000;26347.000000;0.000000;283575.000000;0.000000;0.000000;45.184639
71.000000;-1.000000;23425.000000;0.000000;376028.000000;0.000000;0.000000;46.020115
72.000000;-1.000000;25927.000000;0.000000;292665.000000;0.000000;0.000000;46.841114
73.000000;-1.000000;24196.000000;0.000000;361778.000000;0.000000;0.000000;47.668869
74.000000;-1.000000;25905.000000;0.000000;304342.000000;0.000000;0.000000;48.499866
75.000000;-1.000000;26248.000000;0.000000;262203.000000;0.000000;0.000000;49.333096
76.000000;-1.000000;24074.000000;0.000000;322528.000000;0.000000;0.000000;50.197281
77.000000;-1.000000;26204.000000;0.000000;275135.000000;0.000000;0.000000;51.043331
78.000000;-1.000000;23548.000000;0.000000;364920.000000;0.000000;0.000000;51.880398
79.000000;-1.000000;23376.000000;0.000000;393851.000000;0.000000;0.000000;52.726685
80.000000;-1.000000;23418.000000;0.000000;336481.000000;0.000000;0.000000;53.936928
81.000000;-1.000000;24640.000000;0.000000;309956.000000;0.000000;0.000000;55.268330
82.000000;-1.000000;24260.000000;0.000000;369767.000000;0.000000;0.000000;56.486366
83.000000;-1.000000;23650.000000;0.000000;333075.000000;0.000000;0.000000;57.716572
84.000000;-1.000000;24291.000000;0.000000;318051.000000;0.000000;0.000000;58.943485
85.000000;-1.000000;23380.000000;0.000000;343599.000000;0.000000;0.000000;60.134102
86.000000;-1.000000;27142.000000;0.000000;255683.000000;0.000000;0.000000;61.327904
87.000000;-1.000000;24767.000000;0.000000;293468.000000;0.000000;0.000000;62.511612
88.000000;-1.000000;27044.000000;0.000000;237622.000000;0.000000;0.000000;63.698570
89.000000;-1.000000;23301.000000;0.000000;354202.000000;0.000000;0.000000;64.919334
90.000000;-1.000000;25170.000000;0.000000;264184.000000;0.000000;0.000000;66.103264
91.000000;-1.000000;24132.000000;0.000000;361668.000000;0.000000;0.000000;67.317703
92.000000;-1.000000;25325.000000;0.000000;301882.000000;0.000000;0.000000;68.520973
93.000000;-1.000000;24414.000000;0.000000;328689.000000;0.000000;0.000000;69.722771
94.000000;-1.000000;24407.000000;0.000000;328218.000000;0.000000;0.000000;70.912064
95.000000;-1.000000;23554.000000;0.000000;377233.000000;0.000000;0.000000;72.105598
96.000000;-1.000000;24639.000000;0.000000;310016.000000;0.000000;0.000000;73.277962
97.000000;-1.000000;24511.000000;0.000000;298976.000000;0.000000;0.000000;74.377205
98.000000;-1.000000;25821.000000;0.000000;317269.000000;0.000000;0.000000;75.445877
99.000000;-1.000000;24307.000000;0.000000;383493.000000;0.000000;0.000000;76.536865
100.000000;-1.000000;24496.000000;0.000000;320307.000000;0.000000;0.000000;77.780594
101.000000;-1.000000;25127.000000;0.000000;321125.000000;0.000000;0.000000;79.371391
102.000000;-1.000000;26039.000000;0.000000;252144.000000;0.000000;0.000000;80.787300
103.000000;-1.000000;27718.000000;0.000000;221065.000000;0.000000;0.000000;82.175804
104.000000;-1.000000;23298.000000;0.000000;334386.000000;0.000000;0.000000;83.558304
105.000000;-1.000000;23642.000000;0.000000;352419.000000;0.000000;0.000000;84.955711
106.000000;-1.000000;23809.000000;0.000000;323913.000000;0.000000;0.000000;86.323128
107.000000;-1.000000;24588.000000;0.000000;318533.000000;0.000000;0.000000;87.696014
108.000000;-1.000000;24016.000000;0.000000;308605.000000;0.000000;0.000000;89.077644
109.000000;-1.000000;24962.000000;0.000000;306845.000000;0.000000;0.000000;90.451057
110.000000;-1.000000;23594.000000;0.000000;351115.000000;0.000000;0.000000;91.870621
111.000000;-1.000000;24181.000000;0.000000;336856.000000;0.000000;0.000000;93.288162
112.000000;-1.000000;23216.000000;0.000000;341319.000000;0.000000;0.000000;94.710739
113.000000;-1.000000;24526.000000;0.000000;313121.000000;0.000000;0.000000;96.093849
114.000000;-1.000000;24419.000000;0.000000;326926.000000;0.000000;0.000000;97.494308
115.000000;-1.000000;24780.000000;0.000000;321168.000000;0.000000;0.000000;98.719566
116.000000;-1.000000;24720.000000;0.000000;308234.000000;0.000000;0.000000;99.958855
117.000000;-1.000000;26678.000000;0.000000;243113.000000;0.000000;0.000000;101.207726
118.000000;-1.000000;22633.000000;0.000000;346183.000000;0.000000;0.000000;102.451942
119.000000;-1.000000;24213.000000;0.000000;346454.000000;0.000000;0.000000;103.688354
120.000000;-1.000000;23365.000000;0.000000;354652.000000;0.000000;0.000000;105.020554
121.000000;-1.000000;23303.000000;0.000000;378080.000000;33472.000000;0.000000;106.523956
122.000000;-1.000000;24801.000000;0.000000;305770.000000;0.000000;0.000000;107.967705
123.000000;-1.000000;24354.000000;0.000000;333005.000000;0.000000;0.000000;109.375595
124.000000;-1.000000;24009.000000;0.000000;310100.000000;0.000000;0.000000;110.772446
125.000000;-1.000000;25657.000000;0.000000;290654.000000;0.000000;0.000000;112.159752
126.000000;-1.000000;23567.000000;0.000000;297376.000000;0.000000;0.000000;113.541939
127.000000;-1.000000;25750.000000;0.000000;271473.000000;0.000000;0.000000;114.958611
128.000000;-1.000000;23772.000000;0.000000;337536.000000;0.000000;0.000000;116.342514
129.000000;-1.000000;27467.000000;0.000000;246271.000000;0.000000;0.000000;117.727989
130.000000;-1.000000;26187.000000;0.000000;276910.000000;0.000000;0.000000;119.150238
131.000000;-1.000000;25509.000000;0.000000;294483.000000;0.000000;0.000000;120.550102
132.000000;-1.000000;24907.000000;0.000000;320525.000000;0.000000;0.000000;121.945396
133.000000;-1.000000;23875.000000;0.000000;310347.000000;0.000000;0.000000;123.339188
134.000000;-1.000000;24066.000000;0.000000;308751.000000;0.000000;0.000000;124.744720
135.000000;-1.000000;24918.000000;0.000000;262510.000000;0.000000;0.000000;125.981529
136.000000;-1.000000;23194.000000;0.000000;341150.000000;0.000000;0.000000;127.224617
137.000000;-1.000000;25856.000000;0.000000;272783.000000;0.000000;0.000000;128.473892
138.000000;-1.000000;25151.000000;0.000000;274907.000000;0.000000;0.000000;129.710953
139.000000;-1.000000;25179.000000;0.000000;303579.000000;0.000000;0.000000;130.950790
140.000000;-1.000000;23752.000000;0.000000;357861.000000;0.000000;0.000000;132.182877
141.000000;-1.000000;25232.000000;0.000000;332866.000000;0.000000;0.000000;133.691116
142.000000;-1.000000;23758.000000;0.000000;303537.000000;0.000000;0.000000;135.117508
143.000000;-1.000000;24066.000000;0.000000;322060.000000;0.000000;0.000000;136.521362
144.000000;-1.000000;24068.000000;0.000000;386272.000000;0.000000;0.000000;137.911972
145.000000;-1.000000;25381.000000;0.000000;326677.000000;0.000000;0.000000;139.290131
146.000000;-1.000000;25015.000000;0.000000;333234.000000;0.000000;0.000000;140.684235
147.000000;-1.000000;22899.000000;0.000000;361114.000000;0.000000;0.000000;142.086685
148.000000;-1.000000;26442.000000;0.000000;311286.000000;0.000000;0.000000;143.500229
149.000000;-1.000000;25447.000000;0.000000;286900.000000;0.000000;0.000000;144.930511
150.000000;-1.000000;25039.000000;0.000000;301166.000000;0.000000;0.000000;146.369156
151.000000;-1.000000;24339.000000;0.000000;327341.000000;0.000000;0.000000;147.779907
152.000000;-1.000000;23581.000000;0.000000;374760.000000;0.000000;0.000000;149.190796
153.000000;-1.000000;23964.000000;0.000000;367441.000000;0.000000;0.000000;150.595840
154.000000;-1.000000;24272.000000;0.000000;343299.000000;0.000000;0.000000;151.965149
155.000000;-1.000000;24134.000000;0.000000;372782.000000;0.000000;0.000000;153.224747
156.000000;-1.000000;23995.000000;0.000000;344059.000000;0.000000;0.000000;154.479691
157.000000;-1.000000;22493.000000;0.000000;433027.000000;0.000000;0.000000;155.755447
158.000000;-1.000000;23184.000000;0.000000;370725.000000;0.000000;0.000000;157.025238
159.000000;-1.000000;23604.000000;0.000000;308680.000000;0.000000;0.000000;158.292496
160.000000;-1.000000;23528.000000;0.000000;317370.000000;0.000000;0.000000;159.534119
161.000000;-1.000000;25321.000000;0.000000;329917.000000;0.000000;0.000000;161.040848
162.000000;-1.000000;25743.000000;0.000000;280936.000000;0.000000;0.000000;162.460129
163.000000;-1.000000;24278.000000;0.000000;354290.000000;0.000000;0.000000;163.894333
164.000000;-1.000000;26625.000000;0.000000;289264.000000;0.000000;0.000000;165.311493
165.000000;-1.000000;26030.000000;0.000000;297553.000000;0.000000;0.000000;166.703720
166.000000;-1.000000;24503.000000;0.000000;323020.000000;0.000000;0.000000;168.098297
167.000000;-1.000000;24719.000000;0.000000;319312.000000;0.000000;0.000000;169.527878
168.000000;-1.000000;24073.000000;0.000000;306434.000000;0.000000;0.000000;170.996811
169.000000;-1.000000;23365.000000;0.000000;370292.000000;0.000000;0.000000;172.409042
170.000000;-1.000000;24936.000000;0.000000;315420.000000;0.000000;0.000000;173.843948
171.000000;-1.000000;25895.000000;0.000000;314413.000000;0.000000;0.000000;175.277252
172.000000;-1.000000;25300.000000;0.000000;289394.000000;0.000000;0.000000;176.691559
173.000000;-1.000000;23543.000000;0.000000;342283.000000;0.000000;0.000000;178.113953
174.000000;-1.000000;25100.000000;0.000000;301247.000000;0.000000;0.000000;179.495468
175.000000;-1.000000;25360.000000;0.000000;309918.000000;0.000000;0.000000;180.752335
176.000000;-1.000000;24531.000000;0.000000;314209.000000;0.000000;0.000000;182.035309
177.000000;-1.000000;25175.000000;0.000000;280211.000000;0.000000;0.000000;183.311768
178.000000;-1.000000;24398.000000;0.000000;333446.000000;0.000000;0.000000;184.568954
179.000000;-1.000000;24435.000000;0.000000;332446.000000;0.000000;0.000000;185.848831
180.000000;-1.000000;25267.000000;0.000000;276660.000000;0.000000;0.000000;187.107880
181.000000;-1.000000;23552.000000;0.000000;382436.000000;0.000000;0.000000;188.590988
182.000000;-1.000000;24806.000000;0.000000;288892.000000;0.000000;0.000000;190.044250
183.000000;-1.000000;25527.000000;0.000000;323686.000000;0.000000;0.000000;191.472626
184.000000;-1.000000;24807.000000;0.000000;303839.000000;0.000000;0.000000;192.883621
185.000000;-1.000000;25173.000000;0.000000;278663.000000;0.000000;0.000000;194.286102
186.000000;-1.000000;25005.000000;0.000000;342678.000000;0.000000;0.000000;195.705048
187.000000;-1.000000;24248.000000;0.000000;333426.000000;0.000000;0.000000;197.112000
188.000000;-1.000000;25124.000000;0.000000;301777.000000;0.000000;0.000000;198.516510
189.000000;-1.000000;23462.000000;0.000000;363225.000000;0.000000;0.000000;199.925934
190.000000;-1.000000;23668.000000;0.000000;336673.000000;0.000000;0.000000;201.336426
191.000000;-1.000000;23928.000000;0.000000;338048.000000;0.000000;0.000000;202.731155
192.000000;-1.000000;25191.000000;0.000000;321428.000000;0.000000;0.000000;204.122437
193.000000;-1.000000;24959.000000;0.000000;324943.000000;0.000000;0.000000;205.537140
194.000000;-1.000000;23670.000000;0.000000;347269.000000;0.000000;0.000000;206.905121
195.000000;-1.000000;23800.000000;0.000000;347242.000000;0.000000;0.000000;208.147293
196.000000;-1.000000;23008.000000;0.000000;379107.000000;0.000000;0.000000;209.380035
197.000000;-1.000000;26265.000000;0.000000;277109.000000;0.000000;0.000000;210.615250
198.000000;-1.000000;24759.000000;0.000000;307925.000000;0.000000;0.000000;211.853165
199.000000;-1.000000;25566.000000;0.000000;295107.000000;0.000000;0.000000;213.090408
200.000000;-1.000000;26367.000000;0.000000;247658.000000;0.000000;0.000000;214.329636
201.000000;-1.000000;25373.000000;0.000000;323314.000000;0.000000;0.000000;215.848648
202.000000;-1.000000;24721.000000;0.000000;308017.000000;0.000000;0.000000;217.401016
203.000000;-1.000000;26193.000000;0.000000;276378.000000;0.000000;0.000000;218.812637
204.000000;-1.000000;24764.000000;0.000000;272165.000000;0.000000;0.000000;220.206833
205.000000;-1.000000;23884.000000;0.000000;348723.000000;0.000000;0.000000;221.595627
206.000000;-1.000000;23014.000000;0.000000;403909.000000;0.000000;0.000000;222.972763
207.000000;-1.000000;23764.000000;0.000000;338082.000000;0.000000;0.000000;224.353989
208.000000;-1.000000;23547.000000;0.000000;347754.000000;0.000000;0.000000;225.763870
209.000000;-1.000000;23576.000000;0.000000;360438.000000;0.000000;0.000000;227.144867
210.000000;-1.000000;25058.000000;0.000000;371437.000000;0.000000;0.000000;228.569305
211.000000;-1.000000;22660.000000;0.000000;352670.000000;0.000000;0.000000;229.962372
212.000000;-1.000000;24426.000000;0.000000;336152.000000;0.000000;0.000000;231.340729
213.000000;-1.000000;25053.000000;0.000000;312810.000000;0.000000;0.000000;232.713181
214.000000;-1.000000;25756.000000;0.000000;303679.000000;0.000000;0.000000;234.084641
215.000000;-1.000000;25738.000000;0.000000;288071.000000;0.000000;0.000000;235.337708
216.000000;-1.000000;26793.000000;0.000000;247918.000000;0.000000;0.000000;236.580048
217.000000;-1.000000;24623.000000;0.000000;377405.000000;0.000000;0.000000;238.146072
218.000000;-1.000000;23958.000000;0.000000;326121.000000;0.000000;0.000000;239.387283
219.000000;-1.000000;25624.000000;0.000000;251993.000000;0.000000;0.000000;240.610733
220.000000;-1.000000;26388.000000;0.000000;241751.000000;0.000000;0.000000;241.833633
221.000000;-1.000000;26224.000000;0.000000;289641.000000;0.000000;0.000000;243.311172
222.000000;-1.000000;25427.000000;0.000000;322041.000000;0.000000;0.000000;244.704498
223.000000;-1.000000;24110.000000;0.000000;356760.000000;0.000000;0.000000;246.120453
224.000000;-1.000000;24231.000000;0.000000;388636.000000;0.000000;0.000000;247.603439
225.000000;-1.000000;25097.000000;0.000000;326626.000000;0.000000;0.000000;248.985504
226.000000;-1.000000;26475.000000;0.000000;305703.000000;0.000000;0.000000;250.374634
227.000000;-1.000000;25183.000000;0.000000;268091.000000;0.000000;0.000000;251.743546
228.000000;-1.000000;24987.000000;0.000000;312854.000000;0.000000;0.000000;253.103287
229.000000;-1.000000;25573.000000;0.000000;296075.000000;0.000000;0.000000;254.469864
230.000000;-1.000000;27581.000000;0.000000;234671.000000;0.000000;0.000000;255.860611
231.000000;-1.000000;23900.000000;0.000000;356904.000000;0.000000;0.000000;257.221252
232.000000;-1.000000;24737.000000;0.000000;298575.000000;0.000000;0.000000;258.579651
233.000000;-1.000000;23383.000000;0.000000;362294.000000;0.000000;0.000000;259.972778
234.000000;-1.000000;24000.000000;0.000000;376253.000000;0.000000;0.000000;261.350098
235.000000;-1.000000;24035.000000;0.000000;296242.000000;0.000000;0.000000;262.731415
236.000000;-1.000000;23671.000000;0.000000;329634.000000;0.000000;0.000000;264.112122
237.000000;-1.000000;22867.000000;0.000000;358932.000000;0.000000;0.000000;265.439178
238.000000;-1.000000;23572.000000;0.000000;383788.000000;0.000000;0.000000;266.677032
239.000000;-1.000000;26509.000000;0.000000;267884.000000;0.000000;0.000000;267.920715
240.000000;-1.000000;25274.000000;0.000000;309063.000000;0.000000;0.000000;269.149445
241.000000;-1.000000;23499.000000;0.000000;350811.000000;0.000000;0.000000;270.633636
242.000000;-1.000000;27418.000000;0.000000;293013.000000;0.000000;0.000000;272.032532
243.000000;-1.000000;24142.000000;0.000000;366933.000000;0.000000;0.000000;273.418091
244.000000;-1.000000;25441.000000;0.000000;333095.000000;0.000000;0.000000;274.800110
245.000000;-1.000000;25060.000000;0.000000;326174.000000;0.000000;0.000000;276.190613
246.000000;-1.000000;24207.000000;0.000000;316945.000000;0.000000;0.000000;277.589874
247.000000;-1.000000;26638.000000;0.000000;262779.000000;0.000000;0.000000;278.961884
248.000000;-1.000000;24821.000000;0.000000;323292.000000;0.000000;0.000000;280.332458
249.000000;-1.000000;25738.000000;0.000000;296742.000000;0.000000;0.000000;281.708344
250.000000;-1.000000;26301.000000;0.000000;283828.000000;0.000000;0.000000;283.097412
251.000000;-1.000000;26287.000000;0.000000;287264.000000;0.000000;0.000000;284.491760
252.000000;-1.000000;24519.000000;0.000000;296118.000000;0.000000;0.000000;285.899384
253.000000;-1.000000;26035.000000;0.000000;275120.000000;0.000000;0.000000;287.295441
254.000000;-1.000000;28583.000000;0.000000;198862.000000;0.000000;0.000000;288.672485
255.000000;-1.000000;24494.000000;0.000000;329874.000000;0.000000;0.000000;289.923157
256.000000;-1.000000;26006.000000;0.000000;318106.000000;0.000000;0.000000;291.156281
257.000000;-1.000000;24973.000000;0.000000;373142.000000;0.000000;0.000000;292.394806
258.000000;-1.000000;23692.000000;0.000000;363449.000000;0.000000;0.000000;293.630035
259.000000;-1.000000;24996.000000;0.000000;339884.000000;0.000000;0.000000;294.902100
260.000000;-1.000000;25497.000000;0.000000;309108.000000;0.000000;0.000000;296.178436
261.000000;-1.000000;24419.000000;0.000000;345815.000000;0.000000;0.000000;297.715240
262.000000;-1.000000;25535.000000;0.000000;291547.000000;0.000000;0.000000;299.125397
263.000000;-1.000000;24173.000000;0.000000;331722.000000;0.000000;0.000000;300.546356
264.000000;-1.000000;26891.000000;0.000000;282078.000000;0.000000;0.000000;301.941437
265.000000;-1.000000;26129.000000;0.000000;299870.000000;0.000000;0.000000;303.334717
266.000000;-1.000000;23798.000000;0.000000;359277.000000;0.000000;0.000000;304.716370
267.000000;-1.000000;23597.000000;0.000000;364600.000000;0.000000;0.000000;306.143951
268.000000;-1.000000;24211.000000;0.000000;341465.000000;0.000000;0.000000;307.553192
269.000000;-1.000000;24285.000000;0.000000;361274.000000;0.000000;0.000000;308.937164
270.000000;-1.000000;25332.000000;0.000000;349027.000000;0.000000;0.000000;310.365448
271.000000;-1.000000;24752.000000;0.000000;329664.000000;0.000000;0.000000;311.790253
272.000000;-1.000000;27451.000000;0.000000;214803.000000;0.000000;0.000000;313.206390
273.000000;-1.000000;26425.000000;0.000000;277934.000000;0.000000;0.000000;314.607819
274.000000;-1.000000;24253.000000;0.000000;348301.000000;0.000000;0.000000;316.001587
275.000000;-1.000000;26086.000000;0.000000;251922.000000;0.000000;0.000000;317.247894
276.000000;-1.000000;23107.000000;0.000000;362778.000000;0.000000;0.000000;318.494751
277.000000;-1.000000;24508.000000;0.000000;305824.000000;0.000000;0.000000;319.915833
278.000000;-1.000000;24797.000000;0.000000;340827.000000;0.000000;0.000000;321.174957
279.000000;-1.000000;23978.000000;0.000000;319992.000000;0.000000;0.000000;322.440735
280.000000;-1.000000;24591.000000;0.000000;314170.000000;0.000000;0.000000;323.692169
281.000000;-1.000000;24625.000000;0.000000;337425.000000;0.000000;0.000000;325.199554
282.000000;-1.000000;24825.000000;0.000000;319091.000000;0.000000;0.000000;326.632080
283.000000;-1.000000;24615.000000;0.000000;319065.000000;0.000000;0.000000;328.056335
284.000000;-1.000000;26244.000000;0.000000;301288.000000;0.000000;0.000000;329.453918
285.000000;-1.000000;24768.000000;0.000000;354467.000000;0.000000;0.000000;330.850983
286.000000;-1.000000;23984.000000;0.000000;329919.000000;0.000000;0.000000;332.243561
287.000000;-1.000000;23386.000000;0.000000;387143.000000;0.000000;0.000000;333.649658
288.000000;-1.000000;25282.000000;0.000000;313041.000000;0.000000;0.000000;335.039795
289.000000;-1.000000;22560.000000;0.000000;409181.000000;0.000000;0.000000;336.461365
290.000000;-1.000000;27539.000000;0.000000;250407.000000;0.000000;0.000000;337.916504
291.000000;-1.000000;23676.000000;0.000000;318937.000000;0.000000;0.000000;339.322876
292.000000;-1.000000;24367.000000;0.000000;325846.000000;0.000000;0.000000;340.735535
293.000000;-1.000000;26693.000000;0.000000;250969.000000;0.000000;0.000000;342.237579
294.000000;-1.000000;24358.000000;0.000000;335857.000000;0.000000;0.000000;343.605988
295.000000;-1.000000;24867.000000;0.000000;343982.000000;0.000000;0.000000;344.845154
296.000000;-1.000000;25233.000000;0.000000;346065.000000;0.000000;0.000000;346.134888
297.000000;-1.000000;23860.000000;0.000000;341879.000000;0.000000;0.000000;347.377838
298.000000;-1.000000;25858.000000;0.000000;263217.000000;0.000000;0.000000;348.621429
299.000000;-1.000000;23398.000000;0.000000;354516.000000;0.000000;0.000000;349.868958
300.000000;-1.000000;26674.000000;0.000000;258592.000000;0.000000;0.000000;351.111328
301.000000;-1.000000;24179.000000;0.000000;320572.000000;0.000000;0.000000;352.586334
302.000000;-1.000000;25525.000000;0.000000;262241.000000;0.000000;0.000000;353.983887
303.000000;-1.000000;22860.000000;0.000000;422644.000000;0.000000;0.000000;355.386932
304.000000;-1.000000;24394.000000;0.000000;286284.000000;0.000000;0.000000;356.792938
305.000000;-1.000000;23460.000000;0.000000;405928.000000;0.000000;0.000000;358.170013
306.000000;-1.000000;24429.000000;0.000000;291062.000000;0.000000;0.000000;359.538055
307.000000;-1.000000;25358.000000;0.000000;285602.000000;0.000000;0.000000;360.916107
308.000000;-1.000000;26529.000000;0.000000;278954.000000;0.000000;0.000000;362.289948
309.000000;-1.000000;23114.000000;0.000000;366825.000000;0.000000;0.000000;363.662994
310.000000;-1.000000;23394.000000;0.000000;368891.000000;0.000000;0.000000;365.061798
311.000000;-1.000000;24000.000000;0.000000;361453.000000;0.000000;0.000000;366.471161
312.000000;-1.000000;27207.000000;0.000000;258068.000000;0.000000;0.000000;368.280273
313.000000;-1.000000;24493.000000;0.000000;368000.000000;0.000000;0.000000;369.703857
314.000000;-1.000000;24931.000000;0.000000;360670.000000;0.000000;0.000000;371.039032
315.000000;-1.000000;24211.000000;0.000000;367031.000000;0.000000;0.000000;372.272278
316.000000;-1.000000;28406.000000;0.000000;242306.000000;0.000000;0.000000;373.514801
317.000000;-1.000000;22997.000000;0.000000;405302.000000;0.000000;0.000000;374.751923
318.000000;-1.000000;25134.000000;0.000000;340074.000000;0.000000;0.000000;376.012360
319.000000;-1.000000;23976.000000;0.000000;315024.000000;0.000000;0.000000;377.251892
320.000000;-1.000000;24676.000000;0.000000;350148.000000;0.000000;0.000000;378.482605
321.000000;-1.000000;23713.000000;0.000000;364382.000000;0.000000;0.000000;379.951874
322.000000;-1.000000;26088.000000;0.000000;285009.000000;0.000000;0.000000;381.325134
323.000000;-1.000000;25441.000000;0.000000;263804.000000;0.000000;0.000000;382.735596
324.000000;-1.000000;26145.000000;0.000000;303853.000000;0.000000;0.000000;384.106567
325.000000;-1.000000;24722.000000;0.000000;376100.000000;0.000000;0.000000;385.470703
326.000000;-1.000000;25274.000000;0.000000;325826.000000;0.000000;0.000000;386.856293
327.000000;-1.000000;25297.000000;0.000000;353609.000000;0.000000;0.000000;388.214874
328.000000;-1.000000;23795.000000;0.000000;380280.000000;0.000000;0.000000;389.579224
329.000000;-1.000000;23399.000000;0.000000;391243.000000;0.000000;0.000000;390.936584
330.000000;-1.000000;23354.000000;0.000000;308534.000000;0.000000;0.000000;392.298920
331.000000;-1.000000;24020.000000;0.000000;337570.000000;0.000000;0.000000;393.705750
332.000000;-1.000000;26697.000000;0.000000;282759.000000;0.000000;0.000000;395.088348
333.000000;-1.000000;23788.000000;0.000000;338938.000000;0.000000;0.000000;396.507416
334.000000;-1.000000;24292.000000;0.000000;363906.000000;0.000000;0.000000;397.944916
335.000000;-1.000000;24756.000000;0.000000;302825.000000;0.000000;0.000000;399.193695
336.000000;-1.000000;25487.000000;0.000000;332020.000000;0.000000;0.000000;400.427307
337.000000;-1.000000;22891.000000;0.000000;389874.000000;0.000000;0.000000;401.647430
338.000000;-1.000000;23143.000000;0.000000;323744.000000;0.000000;0.000000;402.871460
339.000000;-1.000000;24103.000000;0.000000;339990.000000;0.000000;0.000000;404.097534
340.000000;-1.000000;24459.000000;0.000000;355816.000000;0.000000;0.000000;405.371948
341.000000;-1.000000;23887.000000;0.000000;302168.000000;0.000000;0.000000;406.865326
342.000000;-1.000000;23414.000000;0.000000;364387.000000;0.000000;0.000000;408.291107
343.000000;-1.000000;24155.000000;0.000000;361343.000000;0.000000;0.000000;409.664978
344.000000;-1.000000;24877.000000;0.000000;305737.000000;0.000000;0.000000;411.038330
345.000000;-1.000000;23054.000000;0.000000;379953.000000;0.000000;0.000000;412.409271
346.000000;-1.000000;25795.000000;0.000000;296028.000000;0.000000;0.000000;413.778687
347.000000;-1.000000;25146.000000;0.000000;314153.000000;0.000000;0.000000;415.159973
348.000000;-1.000000;26271.000000;0.000000;267821.000000;0.000000;0.000000;416.547089
349.000000;-1.000000;26637.000000;0.000000;304461.000000;0.000000;0.000000;417.915283
350.000000;-1.000000;24992.000000;0.000000;325616.000000;0.000000;0.000000;419.299835
351.000000;-1.000000;24946.000000;0.000000;318485.000000;0.000000;0.000000;420.684479
352.000000;-1.000000;25083.000000;0.000000;266185.000000;0.000000;0.000000;422.061462
353.000000;-1.000000;24976.000000;0.000000;305156.000000;0.000000;0.000000;423.461121
354.000000;-1.000000;23005.000000;0.000000;325506.000000;0.000000;0.000000;424.837219
355.000000;-1.000000;24646.000000;0.000000;309883.000000;0.000000;0.000000;426.118103
356.000000;-1.000000;22946.000000;0.000000;394413.000000;0.000000;0.000000;427.352264
357.000000;-1.000000;24576.000000;0.000000;333786.000000;0.000000;0.000000;428.574463
358.000000;-1.000000;24098.000000;0.000000;330834.000000;0.000000;0.000000;429.800812
359.000000;-1.000000;23286.000000;0.000000;381856.000000;0.000000;0.000000;431.030640
360.000000;-1.000000;23798.000000;0.000000;338275.000000;0.000000;0.000000;432.249054
361.000000;-1.000000;26672.000000;0.000000;289948.000000;0.000000;0.000000;433.722595
362.000000;-1.000000;25148.000000;0.000000;316177.000000;0.000000;0.000000;435.119232
363.000000;-1.000000;24216.000000;0.000000;305667.000000;0.000000;0.000000;436.540710
364.000000;-1.000000;24466.000000;0.000000;333638.000000;0.000000;0.000000;437.907806
365.000000;-1.000000;24145.000000;0.000000;351900.000000;0.000000;0.000000;439.269623
366.000000;-1.000000;23806.000000;0.000000;366178.000000;0.000000;0.000000;440.797089
367.000000;-1.000000;24715.000000;0.000000;323293.000000;0.000000;0.000000;442.213531
368.000000;-1.000000;23638.000000;0.000000;387652.000000;0.000000;0.000000;443.584595
369.000000;-1.000000;23678.000000;0.000000;376059.000000;0.000000;0.000000;444.960785
370.000000;-1.000000;24175.000000;0.000000;311374.000000;0.000000;0.000000;446.355591
371.000000;-1.000000;24773.000000;0.000000;353126.000000;0.000000;0.000000;447.743439
372.000000;-1.000000;23025.000000;0.000000;392840.000000;0.000000;0.000000;449.114868
373.000000;-1.000000;24650.000000;0.000000;325189.000000;0.000000;0.000000;450.507477
374.000000;-1.000000;26147.000000;0.000000;283029.000000;0.000000;0.000000;451.911896
375.000000;-1.000000;24986.000000;0.000000;374722.000000;0.000000;0.000000;453.327179
376.000000;-1.000000;25963.000000;0.000000;288153.000000;0.000000;0.000000;454.712585
377.000000;-1.000000;23322.000000;0.000000;349064.000000;0.000000;0.000000;456.103271
378.000000;-1.000000;25920.000000;0.000000;292785.000000;0.000000;0.000000;457.418610
379.000000;-1.000000;23758.000000;0.000000;378556.000000;0.000000;0.000000;458.665894
380.000000;-1.000000;27805.000000;0.000000;267964.000000;0.000000;0.000000;459.903839
381.000000;-1.000000;25886.000000;0.000000;253653.000000;0.000000;0.000000;461.385742
382.000000;-1.000000;23075.000000;0.000000;353556.000000;0.000000;0.000000;462.779541
383.000000;-1.000000;25405.000000;0.000000;321357.000000;0.000000;0.000000;464.183716
384.000000;-1.000000;25034.000000;0.000000;329216.000000;0.000000;0.000000;465.567902
385.000000;-1.000000;23885.000000;0.000000;349673.000000;0.000000;0.000000;466.967163
386.000000;-1.000000;25359.000000;0.000000;303253.000000;0.000000;0.000000;468.343597
387.000000;-1.000000;24081.000000;0.000000;343988.000000;0.000000;0.000000;469.725952
388.000000;-1.000000;24152.000000;0.000000;364934.000000;0.000000;0.000000;471.110474
389.000000;-1.000000;22640.000000;0.000000;357912.000000;0.000000;0.000000;472.494324
390.000000;-1.000000;24782.000000;0.000000;323903.000000;0.000000;0.000000;473.910828
391.000000;-1.000000;23978.000000;0.000000;387576.000000;0.000000;0.000000;475.322205
392.000000;-1.000000;23785.000000;0.000000;303043.000000;0.000000;0.000000;476.742645
393.000000;-1.000000;23223.000000;0.000000;360567.000000;0.000000;0.000000;478.139923
394.000000;-1.000000;25143.000000;0.000000;290910.000000;0.000000;0.000000;479.525238
395.000000;-1.000000;23547.000000;0.000000;336818.000000;0.000000;0.000000;480.774628
396.000000;-1.000000;25064.000000;0.000000;315639.000000;0.000000;0.000000;482.019501
397.000000;-1.000000;26169.000000;0.000000;279660.000000;0.000000;0.000000;483.255554
398.000000;-1.000000;25465.000000;0.000000;239439.000000;0.000000;0.000000;484.494904
399.000000;-1.000000;24825.000000;0.000000;328513.000000;0.000000;0.000000;485.728302
400.000000;-1.000000;26676.000000;0.000000;294049.000000;0.000000;0.000000;487.004333
401.000000;-1.000000;23059.000000;0.000000;386355.000000;0.000000;0.000000;488.492889
402.000000;-1.000000;24319.000000;0.000000;391565.000000;0.000000;0.000000;489.893463
403.000000;-1.000000;21945.000000;0.000000;417008.000000;0.000000;0.000000;491.289490
404.000000;-1.000000;24068.000000;0.000000;352242.000000;0.000000;0.000000;492.711029
405.000000;-1.000000;23666.000000;0.000000;349852.000000;0.000000;0.000000;494.085876
406.000000;-1.000000;24425.000000;0.000000;311678.000000;0.000000;0.000000;495.464630
407.000000;-1.000000;26052.000000;0.000000;304242.000000;0.000000;0.000000;496.871582
408.000000;-1.000000;24693.000000;0.000000;338309.000000;0.000000;0.000000;498.245178
409.000000;-1.000000;24394.000000;0.000000;313173.000000;0.000000;0.000000;499.630035
410.000000;-1.000000;23472.000000;0.000000;363140.000000;0.000000;0.000000;501.091980
411.000000;-1.000000;25376.000000;0.000000;342057.000000;0.000000;0.000000;502.503357
412.000000;-1.000000;25216.000000;0.000000;313018.000000;0.000000;0.000000;503.902649
413.000000;-1.000000;23783.000000;0.000000;368893.000000;0.000000;0.000000;505.313538
414.000000;-1.000000;22770.000000;0.000000;384185.000000;0.000000;0.000000;506.734375
415.000000;-1.000000;24158.000000;0.000000;347432.000000;0.000000;0.000000;507.987366
416.000000;-1.000000;23586.000000;0.000000;354919.000000;0.000000;0.000000;509.232880
417.000000;-1.000000;27573.000000;0.000000;220192.000000;0.000000;0.000000;510.471863
418.000000;-1.000000;24724.000000;0.000000;313993.000000;0.000000;0.000000;511.719788
419.000000;-1.000000;24782.000000;0.000000;308573.000000;0.000000;0.000000;512.980652
420.000000;-1.000000;24286.000000;0.000000;349145.000000;0.000000;0.000000;514.233948
421.000000;-1.000000;23849.000000;0.000000;378291.000000;0.000000;0.000000;515.737610
422.000000;-1.000000;23113.000000;0.000000;374262.000000;0.000000;0.000000;517.194824
423.000000;-1.000000;26061.000000;0.000000;290295.000000;0.000000;0.000000;518.611206
424.000000;-1.000000;24830.000000;0.000000;330645.000000;0.000000;0.000000;520.055603
425.000000;-1.000000;27789.000000;0.000000;227021.000000;0.000000;0.000000;521.732605
426.000000;-1.000000;25523.000000;0.000000;298358.000000;0.000000;0.000000;523.167236
427.000000;-1.000000;25930.000000;0.000000;273789.000000;0.000000;0.000000;524.567688
428.000000;-1.000000;24998.000000;0.000000;305465.000000;0.000000;0.000000;525.959534
429.000000;-1.000000;25992.000000;0.000000;311671.000000;0.000000;0.000000;527.383301
430.000000;-1.000000;24118.000000;0.000000;322029.000000;0.000000;0.000000;528.835938
431.000000;-1.000000;23035.000000;0.000000;380070.000000;0.000000;0.000000;530.250427
432.000000;-1.000000;23791.000000;0.000000;413302.000000;0.000000;0.000000;531.691223
433.000000;-1.000000;24654.000000;0.000000;334099.000000;0.000000;0.000000;533.107727
434.000000;-1.000000;25510.000000;0.000000;312024.000000;0.000000;0.000000;534.443176
435.000000;-1.000000;23541.000000;0.000000;327610.000000;0.000000;0.000000;535.694580
436.000000;-1.000000;24700.000000;0.000000;307475.000000;0.000000;0.000000;536.996887
437.000000;-1.000000;23758.000000;0.000000;340491.000000;0.000000;0.000000;538.247559
438.000000;-1.000000;25550.000000;0.000000;312409.000000;0.000000;0.000000;539.502075
439.000000;-1.000000;24548.000000;0.000000;297694.000000;0.000000;0.000000;540.755249
440.000000;-1.000000;25294.000000;0.000000;283365.000000;0.000000;0.000000;542.010071
441.000000;-1.000000;25824.000000;0.000000;307546.000000;0.000000;0.000000;543.533081
442.000000;-1.000000;25454.000000;0.000000;294647.000000;0.000000;0.000000;544.962280
443.000000;-1.000000;24989.000000;0.000000;327818.000000;0.000000;0.000000;546.384460
444.000000;-1.000000;26662.000000;0.000000;232046.000000;0.000000;0.000000;547.950317
445.000000;-1.000000;25446.000000;0.000000;300884.000000;0.000000;0.000000;549.350098
446.000000;-1.000000;24122.000000;0.000000;288521.000000;0.000000;0.000000;550.757507
447.000000;-1.000000;25979.000000;0.000000;296664.000000;0.000000;0.000000;552.162292
448.000000;-1.000000;24387.000000;0.000000;334781.000000;0.000000;0.000000;553.623291
449.000000;-1.000000;27693.000000;0.000000;230645.000000;0.000000;0.000000;555.027344
450.000000;-1.000000;23615.000000;0.000000;404285.000000;0.000000;0.000000;556.454773
451.000000;-1.000000;26275.000000;0.000000;282038.000000;0.000000;0.000000;557.900452
452.000000;-1.000000;24625.000000;0.000000;292641.000000;0.000000;0.000000;559.312500
453.000000;-1.000000;25089.000000;0.000000;343509.000000;0.000000;0.000000;560.721924
454.000000;-1.000000;25308.000000;0.000000;348640.000000;0.000000;0.000000;562.076904
455.000000;-1.000000;26837.000000;0.000000;258469.000000;0.000000;0.000000;563.322754
456.000000;-1.000000;25732.000000;0.000000;277256.000000;0.000000;0.000000;564.578491
457.000000;-1.000000;23505.000000;0.000000;328550.000000;0.000000;0.000000;565.830383
458.000000;-1.000000;23031.000000;0.000000;380122.000000;0.000000;0.000000;567.106201
459.000000;-1.000000;22925.000000;0.000000;338913.000000;0.000000;0.000000;568.354492
460.000000;-1.000000;23107.000000;0.000000;401764.000000;0.000000;0.000000;569.600769
461.000000;-1.000000;24888.000000;0.000000;288878.000000;0.000000;0.000000;571.136841
462.000000;-1.000000;23915.000000;0.000000;350053.000000;0.000000;0.000000;572.543701
463.000000;-1.000000;22581.000000;0.000000;364089.000000;0.000000;0.000000;573.939941
464.000000;-1.000000;26019.000000;0.000000;285115.000000;0.000000;0.000000;575.330688
465.000000;-1.000000;23678.000000;0.000000;332086.000000;0.000000;0.000000;576.711853
466.000000;-1.000000;24682.000000;0.000000;351729.000000;0.000000;0.000000;578.140503
467.000000;-1.000000;23547.000000;0.000000;326131.000000;0.000000;0.000000;579.525513
468.000000;-1.000000;24400.000000;0.000000;309766.000000;0.000000;0.000000;580.917725
469.000000;-1.000000;25714.000000;0.000000;307737.000000;0.000000;0.000000;582.310913
470.000000;-1.000000;23798.000000;0.000000;343944.000000;0.000000;0.000000;583.727600
471.000000;-1.000000;24411.000000;0.000000;322408.000000;0.000000;0.000000;585.127075
472.000000;-1.000000;24066.000000;0.000000;313955.000000;0.000000;0.000000;586.529297
473.000000;-1.000000;26917.000000;0.000000;248979.000000;0.000000;0.000000;587.951843
474.000000;-1.000000;28388.000000;0.000000;237948.000000;0.000000;0.000000;589.333740
475.000000;-1.000000;24077.000000;0.000000;309668.000000;0.000000;0.000000;590.580200
476.000000;-1.000000;24422.000000;0.000000;341254.000000;0.000000;0.000000;591.807434
477.000000;-1.000000;27208.000000;0.000000;219314.000000;0.000000;0.000000;593.036499
478.000000;-1.000000;23669.000000;0.000000;335043.000000;0.000000;0.000000;594.267151
479.000000;-1.000000;25135.000000;0.000000;267422.000000;0.000000;0.000000;595.496338
480.000000;-1.000000;24438.000000;0.000000;351322.000000;0.000000;0.000000;596.727173
481.000000;-1.000000;24633.000000;0.000000;358795.000000;0.000000;0.000000;598.225281
482.000000;-1.000000;23633.000000;0.000000;322031.000000;0.000000;0.000000;599.615051
483.000000;-1.000000;27080.000000;0.000000;281467.000000;0.000000;0.000000;601.005920
0.000000;0.000000;0.000000;0.000000;0.000000;0.000000;0.000000;0.000000
0.000000;0.000000;0.000000;0.000000;0.000000;0.000000;0.000000;0.000000
0.000000;0.000000;0.000000;0.000000;0.000000;0.000000;0.000000;0.000000
0.000000;0.000000;0.000000;0.000000;0.000000;0.000000;0.000000;0.000000
0.000000;0.000000;0.000000;0.000000;0.000000;0.000000;0.000000;0.000000
0.000000;0.000000;0.000000;0.000000;0.000000;0.000000;0.000000;0.000000
0.000000;0.000000;0.000000;0.000000;0.000000;0.000000;0.000000;0.000000
0.000000;0.000000;0.000000;0.000000;0.000000;0.000000;0.000000;0.000000
0.000000;0.000000;0.000000;0.000000;0.000000;0.000000;0.000000;0.000000
0.000000;0.000000;0.000000;0.000000;0.000000;0.000000;0.000000;0.000000
0.000000;0.000000;0.000000;0.000000;0.000000;0.000000;0.000000;0.000000
0.000000;0.000000;0.000000;0.000000;0.000000;0.000000;0.000000;0.000000
0.000000;0.000000;0.000000;0.000000;0.000000;0.000000;0.000000;0.000000
0.000000;0.000000;0.000000;0.000000;0.000000;0.000000;0.000000;0.000000
0.000000;0.000000;0.000000;0.000000;0.000000;0.000000;0.000000;0.000000
0.000000;0.000000;0.000000;0.000000;0.000000;0.000000;0.000000;0.000000
0.000000;0.000000;0.000000;0.000000;0.000000;0.000000;0.000000;0.000000
0.000000;0.000000;0.000000;0.000000;0.000000;0.000000;0.000000;0.000000
0.000000;0.000000;0.000000;0.000000;0.000000;0.000000;0.000000;0.000000
0.000000;0.000000;0.000000;0.000000;0.000000;0.000000;0.000000;0.000000
0.000000;0.000000;0.000000;0.000000;0.000000;0.000000;0.000000;0.000000
0.000000;0.000000;0.000000;0.000000;0.000000;0.000000;0.000000;0.000000
0.000000;0.000000;0.000000;0.000000;0.000000;0.000000;0.000000;0.000000
0.000000;0.000000;0.000000;0.000000;0.000000;0.000000;0.000000;0.000000
0.000000;0.000000;0.000000;0.000000;0.000000;0.000000;0.000000;0.000000
0.000000;0.000000;0.000000;0.000000;0.000000;0.000000;0.000000;0.000000
0.000000;0.000000;0.000000;0.000000;0.000000;0.000000;0.000000;0.000000
0.000000;0.000000;0.000000;0.000000;0.000000;0.000000;0.000000;0.000000
0.000000;0.000000;0.000000;0.000000;0.000000;0.000000;0.000000;0.000000
0.000000;0.000000;0.000000;0.000000;0.000000;0.000000;0.000000;0.000000
0.000000;0.000000;0.000000;0.000000;0.000000;0.000000;0.000000;0.000000
0.000000;0.000000;0.000000;0.000000;0.000000;0.000000;0.000000;0.000000
0.000000;0.000000;0.000000;0.000000;0.000000;0.000000;0.000000;0.000000
0.000000;0.000000;0.000000;0.000000;0.000000;0.000000;0.000000;0.000000
0.000000;0.000000;0.000000;0.000000;0.000000;0.000000;0.000000;0.000000
0.000000;0.000000;0.000000;0.000000;0.000000;0.000000;0.000000;0.000000
0.000000;0.000000;0.000000;0.000000;0.000000;0.000000;0.000000;0.000000
0.000000;0.000000;0.000000;0.000000;0.000000;0.000000;0.000000;0.000000
0.000000;0.000000;0.000000;0.000000;0.000000;0.000000;0.000000;0.000000
0.000000;0.000000;0.000000;0.000000;0.000000;0.000000;0.000000;0.000000
0.000000;0.000000;0.000000;0.000000;0.000000;0.000000;0.000000;0.000000
0.000000;0.000000;0.000000;0.000000;0.000000;0.000000;0.000000;0.000000
0.000000;0.000000;0.000000;0.000000;0.000000;0.000000;0.000000;0.000000
0.000000;0.000000;0.000000;0.000000;0.000000;0.000000;0.000000;0.000000
0.000000;0.000000;0.000000;0.000000;0.000000;0.000000;0.000000;0.000000
0.000000;0.000000;0.000000;0.000000;0.000000;0.000000;0.000000;0.000000
0.000000;0.000000;0.000000;0.000000;0.000000;0.000000;0.000000;0.000000
0.000000;0.000000;0.000000;0.000000;0.000000;0.000000;0.000000;0.000000
0.000000;0.000000;0.000000;0.000000;0.000000;0.000000;0.000000;0.000000
0.000000;0.000000;0.000000;0.000000;0.000000;0.000000;0.000000;0.000000
0.000000;0.000000;0.000000;0.000000;0.000000;0.000000;0.000000;0.000000
0.000000;0.000000;0.000000;0.000000;0.000000;0.000000;0.000000;0.000000
0.000000;0.000000;0.000000;0.000000;0.000000;0.000000;0.000000;0.000000
0.000000;0.000000;0.000000;0.000000;0.000000;0.000000;0.000000;0.000000
0.000000;0.000000;0.000000;0.000000;0.000000;0.000000;0.000000;0.000000
0.000000;0.000000;0.000000;0.000000;0.000000;0.000000;0.000000;0.000000
0.000000;0.000000;0.000000;0.000000;0.000000;0.000000;0.000000;0.000000
0.000000;0.000000;0.000000;0.000000;0.000000;0.000000;0.000000;0.000000
0.000000;0.000000;0.000000;0.000000;0.000000;0.000000;0.000000;0.000000
0.000000;0.000000;0.000000;0.000000;0.000000;0.000000;0.000000;0.000000
0.000000;0.000000;0.000000;0.000000;0.000000;0.000000;0.000000;0.000000
0.000000;0.000000;0.000000;0.000000;0.000000;0.000000;0.000000;0.000000
0.000000;0.000000;0.000000;0.000000;0.000000;0.000000;0.000000;0.000000
0.000000;0.000000;0.000000;0.000000;0.000000;0.000000;0.000000;0.000000
0.000000;0.000000;0.000000;0.000000;0.000000;0.000000;0.000000;0.000000
0.000000;0.000000;0.000000;0.000000;0.000000;0.000000;0.000000;0.000000
0.000000;0.000000;0.000000;0.000000;0.000000;0.000000;0.000000;0.000000
0.000000;0.000000;0.000000;0.000000;0.000000;0.000000;0.000000;0.000000
0.000000;0.000000;0.000000;0.000000;0.000000;0.000000;0.000000;0.000000
0.000000;0.000000;0.000000;0.000000;0.000000;0.000000;0.000000;0.000000
0.000000;0.000000;0.000000;0.000000;0.000000;0.000000;0.000000;0.000000
0.000000;0.000000;0.000000;0.000000;0.000000;0.000000;0.000000;0.000000
0.000000;0.000000;0.000000;0.000000;0.000000;0.000000;0.000000;0.000000
0.000000;0.000000;0.000000;0.000000;0.000000;0.000000;0.000000;0.000000
0.000000;0.000000;0.000000;0.000000;0.000000;0.000000;0.000000;0.000000
0.000000;0.000000;0.000000;0.000000;0.000000;0.000000;0.000000;0.000000
0.000000;0.000000;0.000000;0.000000;0.000000;0.000000;0.000000;0.000000
0.000000;0.000000;0.000000;0.000000;0.000000;0.000000;0.000000;0.000000
0.000000;0.000000;0.000000;0.000000;0.000000;0.000000;0.000000;0.000000
0.000000;0.000000;0.000000;0.000000;0.000000;0.000000;0.000000;0.000000
0.000000;0.000000;0.000000;0.000000;0.000000;0.000000;0.000000;0.000000
0.000000;0.000000;0.000000;0.000000;0.000000;0.000000;0.000000;0.000000
0.000000;0.000000;0.000000;0.000000;0.000000;0.000000;0.000000;0.000000
0.000000;0.000000;0.000000;0.000000;0.000000;0.000000;0.000000;0.000000
0.000000;0.000000;0.000000;0.000000;0.000000;0.000000;0.000000;0.000000
0.000000;0.000000;0.000000;0.000000;0.000000;0.000000;0.000000;0.000000
0.000000;0.000000;0.000000;0.000000;0.000000;0.000000;0.000000;0.000000
0.000000;0.000000;0.000000;0.000000;0.000000;0.000000;0.000000;0.000000
0.000000;0.000000;0.000000;0.000000;0.000000;0.000000;0.000000;0.000000
0.000000;0.000000;0.000000;0.000000;0.000000;0.000000;0.000000;0.000000
0.000000;0.000000;0.000000;0.000000;0.000000;0.000000;0.000000;0.000000
0.000000;0.000000;0.000000;0.000000;0.000000;0.000000;0.000000;0.000000
0.000000;0.000000;0.000000;0.000000;0.000000;0.000000;0.000000;0.000000
0.000000;0.000000;0.000000;0.000000;0.000000;0.000000;0.000000;0.000000
0.000000;0.000000;0.000000;0.000000;0.000000;0.000000;0.000000;0.000000
0.000000;0.000000;0.000000;0.000000;0.000000;0.000000;0.000000;0.000000
0.000000;0.000000;0.000000;0.000000;0.000000;0.000000;0.000000;0.000000
0.000000;0.000000;0.000000;0.000000;0.000000;0.000000;0.000000;0.000000
0.000000;0.000000;0.000000;0.000000;0.000000;0.000000;0.000000;0.000000
0.000000;0.000000;0.000000;0.000000;0.000000;0.000000;0.000000;0.000000
0.000000;0.000000;0.000000;0.000000;0.000000;0.000000;0.000000;0.000000
0.000000;0.000000;0.000000;0.000000;0.000000;0.000000;0.000000;0.000000
0.000000;0.000000;0.000000;0.000000;0.000000;0.000000;0.000000;0.000000
0.000000;0.000000;0.000000;0.000000;0.000000;0.000000;0.000000;0.000000
0.000000;0.000000;0.000000;0.000000;0.000000;0.000000;0.000000;0.000000
0.000000;0.000000;0.000000;0.000000;0.000000;0.000000;0.000000;0.000000
0.000000;0.000000;0.000000;0.000000;0.000000;0.000000;0.000000;0.000000
0.000000;0.000000;0.000000;0.000000;0.000000;0.000000;0.000000;0.000000
0.000000;0.000000;0.000000;0.000000;0.000000;0.000000;0.000000;0.000000
0.000000;0.000000;0.000000;0.000000;0.000000;0.000000;0.000000;0.000000
0.000000;0.000000;0.000000;0.000000;0.000000;0.000000;0.000000;0.000000
0.000000;0.000000;0.000000;0.000000;0.000000;0.000000;0.000000;0.000000
0.000000;0.000000;0.000000;0.000000;0.000000;0.000000;0.000000;0.000000
0.000000;0.000000;0.000000;0.000000;0.000000;0.000000;0.000000;0.000000
0.000000;0.000000;0.000000;0.000000;0.000000;0.000000;0.000000;0.000000
0.000000;0.000000;0.000000;0.000000;0.000000;0.000000;0.000000;0.000000
0.000000;0.000000;0.000000;0.000000;0.000000;0.000000;0.000000;0.000000
0.000000;0.000000;0.000000;0.000000;0.000000;0.000000;0.000000;0.000000
0.000000;0.000000;0.000000;0.000000;0.000000;0.000000;0.000000;0.000000
0.000000;0.000000;0.000000;0.000000;0.000000;0.000000;0.000000;0.000000
0.000000;0.000000;0.000000;0.000000;0.000000;0.000000;0.000000;0.000000
0.000000;0.000000;0.000000;0.000000;0.000000;0.000000;0.000000;0.000000
0.000000;0.000000;0.000000;0.000000;0.000000;0.000000;0.000000;0.000000
0.000000;0.000000;0.000000;0.000000;0.000000;0.000000;0.000000;0.000000
0.000000;0.000000;0.000000;0.000000;0.000000;0.000000;0.000000;0.000000
0.000000;0.000000;0.000000;0.000000;0.000000;0.000000;0.000000;0.000000
0.000000;0.000000;0.000000;0.000000;0.000000;0.000000;0.000000;0.000000
0.000000;0.000000;0.000000;0.000000;0.000000;0.000000;0.000000;0.000000
0.000000;0.000000;0.000000;0.000000;0.000000;0.000000;0.000000;0.000000
0.000000;0.000000;0.000000;0.000000;0.000000;0.000000;0.000000;0.000000
0.000000;0.000000;0.000000;0.000000;0.000000;0.000000;0.000000;0.000000
0.000000;0.000000;0.000000;0.000000;0.000000;0.000000;0.000000;0.000000
0.000000;0.000000;0.000000;0.000000;0.000000;0.000000;0.000000;0.000000
0.000000;0.000000;0.000000;0.000000;0.000000;0.000000;0.000000;0.000000
0.000000;0.000000;0.000000;0.000000;0.000000;0.000000;0.000000;0.000000
0.000000;0.000000;0.000000;0.000000;0.000000;0.000000;0.000000;0.000000
0.000000;0.000000;0.000000;0.000000;0.000000;0.000000;0.000000;0.000000
0.000000;0.000000;0.000000;0.000000;0.000000;0.000000;0.000000;0.000000
0.000000;0.000000;0.000000;0.000000;0.000000;0.000000;0.000000;0.000000
0.000000;0.000000;0.000000;0.000000;0.000000;0.000000;0.000000;0.000000
0.000000;0.000000;0.000000;0.000000;0.000000;0.000000;0.000000;0.000000
0.000000;0.000000;0.000000;0.000000;0.000000;0.000000;0.000000;0.000000
0.000000;0.000000;0.000000;0.000000;0.000000;0.000000;0.000000;0.000000
0.000000;0.000000;0.000000;0.000000;0.000000;0.000000;0.000000;0.000000
0.000000;0.000000;0.000000;0.000000;0.000000;0.000000;0.000000;0.000000
0.000000;0.000000;0.000000;0.000000;0.000000;0.000000;0.000000;0.000000
0.000000;0.000000;0.000000;0.000000;0.000000;0.000000;0.000000;0.000000
0.000000;0.000000;0.000000;0.000000;0.000000;0.000000;0.000000;0.000000
0.000000;0.000000;0.000000;0.000000;0.000000;0.000000;0.000000;0.000000
0.000000;0.000000;0.000000;0.000000;0.000000;0.000000;0.000000;0.000000
0.000000;0.000000;0.000000;0.000000;0.000000;0.000000;0.000000;0.000000
0.000000;0.000000;0.000000;0.000000;0.000000;0.000000;0.000000;0.000000
0.000000;0.000000;0.000000;0.000000;0.000000;0.000000;0.000000;0.000000
0.000000;0.000000;0.000000;0.000000;0.000000;0.000000;0.000000;0.000000
0.000000;0.000000;0.000000;0.000000;0.000000;0.000000;0.000000;0.000000
0.000000;0.000000;0.000000;0.000000;0.000000;0.000000;0.000000;0.000000
0.000000;0.000000;0.000000;0.000000;0.000000;0.000000;0.000000;0.000000
0.000000;0.000000;0.000000;0.000000;0.000000;0.000000;0.000000;0.000000
0.000000;0.000000;0.000000;0.000000;0.000000;0.000000;0.000000;0.000000
0.000000;0.000000;0.000000;0.000000;0.000000;0.000000;0.000000;0.000000
0.000000;0.000000;0.000000;0.000000;0.000000;0.000000;0.000000;0.000000
0.000000;0.000000;0.000000;0.000000;0.000000;0.000000;0.000000;0.000000
0.000000;0.000000;0.000000;0.000000;0.000000;0.000000;0.000000;0.000000
0.000000;0.000000;0.000000;0.000000;0.000000;0.000000;0.000000;0.000000
0.000000;0.000000;0.000000;0.000000;0.000000;0.000000;0.000000;0.000000
0.000000;0.000000;0.000000;0.000000;0.000000;0.000000;0.000000;0.000000
0.000000;0.000000;0.000000;0.000000;0.000000;0.000000;0.000000;0.000000
0.000000;0.000000;0.000000;0.000000;0.000000;0.000000;0.000000;0.000000
0.000000;0.000000;0.000000;0.000000;0.000000;0.000000;0.000000;0.000000
0.000000;0.000000;0.000000;0.000000;0.000000;0.000000;0.000000;0.000000
0.000000;0.000000;0.000000;0.000000;0.000000;0.000000;0.000000;0.000000
0.000000;0.000000;0.000000;0.000000;0.000000;0.000000;0.000000;0.000000
0.000000;0.000000;0.000000;0.000000;0.000000;0.000000;0.000000;0.000000
0.000000;0.000000;0.000000;0.000000;0.000000;0.000000;0.000000;0.000000
0.000000;0.000000;0.000000;0.000000;0.000000;0.000000;0.000000;0.000000
0.000000;0.000000;0.000000;0.000000;0.000000;0.000000;0.000000;0.000000
0.000000;0.000000;0.000000;0.000000;0.000000;0.000000;0.000000;0.000000
0.000000;0.000000;0.000000;0.000000;0.000000;0.000000;0.000000;0.000000
0.000000;0.000000;0.000000;0.000000;0.000000;0.000000;0.000000;0.000000
0.000000;0.000000;0.000000;0.000000;0.000000;0.000000;0.000000;0.000000
0.000000;0.000000;0.000000;0.000000;0.000000;0.000000;0.000000;0.000000
0.000000;0.000000;0.000000;0.000000;0.000000;0.000000;0.000000;0.000000
0.000000;0.000000;0.000000;0.000000;0.000000;0.000000;0.000000;0.000000
0.000000;0.000000;0.000000;0.000000;0.000000;0.000000;0.000000;0.000000
0.000000;0.000000;0.000000;0.000000;0.000000;0.000000;0.000000;0.000000
0.000000;0.000000;0.000000;0.000000;0.000000;0.000000;0.000000;0.000000
0.000000;0.000000;0.000000;0.000000;0.000000;0.000000;0.000000;0.000000
0.000000;0.000000;0.000000;0.000000;0.000000;0.000000;0.000000;0.000000
0.000000;0.000000;0.000000;0.000000;0.000000;0.000000;0.000000;0.000000
0.000000;0.000000;0.000000;0.000000;0.000000;0.000000;0.000000;0.000000
0.000000;0.000000;0.000000;0.000000;0.000000;0.000000;0.000000;0.000000
0.000000;0.000000;0.000000;0.000000;0.000000;0.000000;0.000000;0.000000
0.000000;0.000000;0.000000;0.000000;0.000000;0.000000;0.000000;0.000000
0.000000;0.000000;0.000000;0.000000;0.000000;0.000000;0.000000;0.000000
0.000000;0.000000;0.000000;0.000000;0.000000;0.000000;0.000000;0.000000
0.000000;0.000000;0.000000;0.000000;0.000000;0.000000;0.000000;0.000000
0.000000;0.000000;0.000000;0.000000;0.000000;0.000000;0.000000;0.000000
0.000000;0.000000;0.000000;0.000000;0.000000;0.000000;0.000000;0.000000
0.000000;0.000000;0.000000;0.000000;0.000000;0.000000;0.000000;0.000000
0.000000;0.000000;0.000000;0.000000;0.000000;0.000000;0.000000;0.000000
0.000000;0.000000;0.000000;0.000000;0.000000;0.000000;0.000000;0.000000
0.000000;0.000000;0.000000;0.000000;0.000000;0.000000;0.000000;0.000000
0.000000;0.000000;0.000000;0.000000;0.000000;0.000000;0.000000;0.000000
0.000000;0.000000;0.000000;0.000000;0.000000;0.000000;0.000000;0.000000
0.000000;0.000000;0.000000;0.000000;0.000000;0.000000;0.000000;0.000000
0.000000;0.000000;0.000000;0.000000;0.000000;0.000000;0.000000;0.000000
0.000000;0.000000;0.000000;0.000000;0.000000;0.000000;0.000000;0.000000
0.000000;0.000000;0.000000;0.000000;0.000000;0.000000;0.000000;0.000000
0.000000;0.000000;0.000000;0.000000;0.000000;0.000000;0.000000;0.000000
0.000000;0.000000;0.000000;0.000000;0.000000;0.000000;0.000000;0.000000
0.000000;0.000000;0.000000;0.000000;0.000000;0.000000;0.000000;0.000000
0.000000;0.000000;0.000000;0.000000;0.000000;0.000000;0.000000;0.000000
0.000000;0.000000;0.000000;0.000000;0.000000;0.000000;0.000000;0.000000
0.000000;0.000000;0.000000;0.000000;0.000000;0.000000;0.000000;0.000000
0.000000;0.000000;0.000000;0.000000;0.000000;0.000000;0.000000;0.000000
0.000000;0.000000;0.000000;0.000000;0.000000;0.000000;0.000000;0.000000
0.000000;0.000000;0.000000;0.000000;0.000000;0.000000;0.000000;0.000000
0.000000;0.000000;0.000000;0.000000;0.000000;0.000000;0.000000;0.000000
0.000000;0.000000;0.000000;0.000000;0.000000;0.000000;0.000000;0.000000
0.000000;0.000000;0.000000;0.000000;0.000000;0.000000;0.000000;0.000000
0.000000;0.000000;0.000000;0.000000;0.000000;0.000000;0.000000;0.000000
0.000000;0.000000;0.000000;0.000000;0.000000;0.000000;0.000000;0.000000
0.000000;0.000000;0.000000;0.000000;0.000000;0.000000;0.000000;0.000000
0.000000;0.000000;0.000000;0.000000;0.000000;0.000000;0.000000;0.000000
0.000000;0.000000;0.000000;0.000000;0.000000;0.000000;0.000000;0.000000
0.000000;0.000000;0.000000;0.000000;0.000000;0.000000;0.000000;0.000000
0.000000;0.000000;0.000000;0.000000;0.000000;0.000000;0.000000;0.000000
0.000000;0.000000;0.000000;0.000000;0.000000;0.000000;0.000000;0.000000
0.000000;0.000000;0.000000;0.000000;0.000000;0.000000;0.000000;0.000000
0.000000;0.000000;0.000000;0.000000;0.000000;0.000000;0.000000;0.000000
0.000000;0.000000;0.000000;0.000000;0.000000;0.000000;0.000000;0.000000
0.000000;0.000000;0.000000;0.000000;0.000000;0.000000;0.000000;0.000000
0.000000;0.000000;0.000000;0.000000;0.000000;0.000000;0.000000;0.000000
0.000000;0.000000;0.000000;0.000000;0.000000;0.000000;0.000000;0.000000
0.000000;0.000000;0.000000;0.000000;0.000000;0.000000;0.000000;0.000000
0.000000;0.000000;0.000000;0.000000;0.000000;0.000000;0.000000;0.000000
0.000000;0.000000;0.000000;0.000000;0.000000;0.000000;0.000000;0.000000
0.000000;0.000000;0.000000;0.000000;0.000000;0.000000;0.000000;0.000000
0.000000;0.000000;0.000000;0.000000;0.000000;0.000000;0.000000;0.000000
0.000000;0.000000;0.000000;0.000000;0.000000;0.000000;0.000000;0.000000
0.000000;0.000000;0.000000;0.000000;0.000000;0.000000;0.000000;0.000000
0.000000;0.000000;0.000000;0.000000;0.000000;0.000000;0.000000;0.000000
0.000000;0.000000;0.000000;0.000000;0.000000;0.000000;0.000000;0.000000
0.000000;0.000000;0.000000;0.000000;0.000000;0.000000;0.000000;0.000000
0.000000;0.000000;0.000000;0.000000;0.000000;0.000000;0.000000;0.000000
0.000000;0.000000;0.000000;0.000000;0.000000;0.000000;0.000000;0.000000
0.000000;0.000000;0.000000;0.000000;0.000000;0.000000;0.000000;0.000000
0.000000;0.000000;0.000000;0.000000;0.000000;0.000000;0.000000;0.000000
0.000000;0.000000;0.000000;0.000000;0.000000;0.000000;0.000000;0.000000
0.000000;0.000000;0.000000;0.000000;0.000000;0.000000;0.000000;0.000000
0.000000;0.000000;0.000000;0.000000;0.000000;0.000000;0.000000;0.000000
0.000000;0.000000;0.000000;0.000000;0.000000;0.000000;0.000000;0.000000
0.000000;0.000000;0.000000;0.000000;0.000000;0.000000;0.000000;0.000000
0.000000;0.000000;0.000000;0.000000;0.000000;0.000000;0.000000;0.000000
0.000000;0.000000;0.000000;0.000000;0.000000;0.000000;0.000000;0.000000
0.000000;0.000000;0.000000;0.000000;0.000000;0.000000;0.000000;0.000000
0.000000;0.000000;0.000000;0.000000;0.000000;0.000000;0.000000;0.000000
0.000000;0.000000;0.000000;0.000000;0.000000;0.000000;0.000000;0.000000
0.000000;0.000000;0.000000;0.000000;0.000000;0.000000;0.000000;0.000000
0.000000;0.000000;0.000000;0.000000;0.000000;0.000000;0.000000;0.000000
0.000000;0.000000;0.000000;0.000000;0.000000;0.000000;0.000000;0.000000
0.000000;0.000000;0.000000;0.000000;0.000000;0.000000;0.000000;0.000000
0.000000;0.000000;0.000000;0.000000;0.000000;0.000000;0.000000;0.000000
0.000000;0.000000;0.000000;0.000000;0.000000;0.000000;0.000000;0.000000
0.000000;0.000000;0.000000;0.000000;0.000000;0.000000;0.000000;0.000000
0.000000;0.000000;0.000000;0.000000;0.000000;0.000000;0.000000;0.000000
0.000000;0.000000;0.000000;0.000000;0.000000;0.000000;0.000000;0.000000
0.000000;0.000000;0.000000;0.000000;0.000000;0.000000;0.000000;0.000000
0.000000;0.000000;0.000000;0.000000;0.000000;0.000000;0.000000;0.000000
0.000000;0.000000;0.000000;0.000000;0.000000;0.000000;0.000000;0.000000
0.000000;0.000000;0.000000;0.000000;0.000000;0.000000;0.000000;0.000000
0.000000;0.000000;0.000000;0.000000;0.000000;0.000000;0.000000;0.000000
0.000000;0.000000;0.000000;0.000000;0.000000;0.000000;0.000000;0.000000
0.000000;0.000000;0.000000;0.000000;0.000000;0.000000;0.000000;0.000000
0.000000;0.000000;0.000000;0.000000;0.000000;0.000000;0.000000;0.000000
0.000000;0.000000;0.000000;0.000000;0.000000;0.000000;0.000000;0.000000
0.000000;0.000000;0.000000;0.000000;0.000000;0.000000;0.000000;0.000000
0.000000;0.000000;0.000000;0.000000;0.000000;0.000000;0.000000;0.000000
0.000000;0.000000;0.000000;0.000000;0.000000;0.000000;0.000000;0.000000
0.000000;0.000000;0.000000;0.000000;0.000000;0.000000;0.000000;0.000000
0.000000;0.000000;0.000000;0.000000;0.000000;0.000000;0.000000;0.000000
0.000000;0.000000;0.000000;0.000000;0.000000;0.000000;0.000000;0.000000
0.000000;0.000000;0.000000;0.000000;0.000000;0.000000;0.000000;0.000000
0.000000;0.000000;0.000000;0.000000;0.000000;0.000000;0.000000;0.000000
0.000000;0.000000;0.000000;0.000000;0.000000;0.000000;0.000000;0.000000
0.000000;0.000000;0.000000;0.000000;0.000000;0.000000;0.000000;0.000000
0.000000;0.000000;0.000000;0.000000;0.000000;0.000000;0.000000;0.000000
0.000000;0.000000;0.000000;0.000000;0.000000;0.000000;0.000000;0.000000
0.000000;0.000000;0.000000;0.000000;0.000000;0.000000;0.000000;0.000000
0.000000;0.000000;0.000000;0.000000;0.000000;0.000000;0.000000;0.000000
0.000000;0.000000;0.000000;0.000000;0.000000;0.000000;0.000000;0.000000
0.000000;0.000000;0.000000;0.000000;0.000000;0.000000;0.000000;0.000000
0.000000;0.000000;0.000000;0.000000;0.000000;0.000000;0.000000;0.000000
0.000000;0.000000;0.000000;0.000000;0.000000;0.000000;0.000000;0.000000
0.000000;0.000000;0.000000;0.000000;0.000000;0.000000;0.000000;0.000000
0.000000;0.000000;0.000000;0.000000;0.000000;0.000000;0.000000;0.000000
0.000000;0.000000;0.000000;0.000000;0.000000;0.000000;0.000000;0.000000
0.000000;0.000000;0.000000;0.000000;0.000000;0.000000;0.000000;0.000000
0.000000;0.000000;0.000000;0.000000;0.000000;0.000000;0.000000;0.000000
0.000000;0.000000;0.000000;0.000000;0.000000;0.000000;0.000000;0.000000
0.000000;0.000000;0.000000;0.000000;0.000000;0.000000;0.000000;0.000000
0.000000;0.000000;0.000000;0.000000;0.000000;0.000000;0.000000;0.000000
0.000000;0.000000;0.000000;0.000000;0.000000;0.000000;0.000000;0.000000
0.000000;0.000000;0.000000;0.000000;0.000000;0.000000;0.000000;0.000000
0.000000;0.000000;0.000000;0.000000;0.000000;0.000000;0.000000;0.000000
0.000000;0.000000;0.000000;0.000000;0.000000;0.000000;0.000000;0.000000
0.000000;0.000000;0.000000;0.000000;0.000000;0.000000;0.000000;0.000000
0.000000;0.000000;0.000000;0.000000;0.000000;0.000000;0.000000;0.000000
0.000000;0.000000;0.000000;0.000000;0.000000;0.000000;0.000000;0.000000
0.000000;0.000000;0.000000;0.000000;0.000000;0.000000;0.000000;0.000000
0.000000;0.000000;0.000000;0.000000;0.000000;0.000000;0.000000;0.000000
0.000000;0.000000;0.000000;0.000000;0.000000;0.000000;0.000000;0.000000
0.000000;0.000000;0.000000;0.000000;0.000000;0.000000;0.000000;0.000000
0.000000;0.000000;0.000000;0.000000;0.000000;0.000000;0.000000;0.000000
0.000000;0.000000;0.000000;0.000000;0.000000;0.000000;0.000000;0.000000
0.000000;0.000000;0.000000;0.000000;0.000000;0.000000;0.000000;0.000000
0.000000;0.000000;0.000000;0.000000;0.000000;0.000000;0.000000;0.000000
0.000000;0.000000;0.000000;0.000000;0.000000;0.000000;0.000000;0.000000
0.000000;0.000000;0.000000;0.000000;0.000000;0.000000;0.000000;0.000000
0.000000;0.000000;0.000000;0.000000;0.000000;0.000000;0.000000;0.000000
0.000000;0.000000;0.000000;0.000000;0.000000;0.000000;0.000000;0.000000
0.000000;0.000000;0.000000;0.000000;0.000000;0.000000;0.000000;0.000000
0.000000;0.000000;0.000000;0.000000;0.000000;0.000000;0.000000;0.000000
0.000000;0.000000;0.000000;0.000000;0.000000;0.000000;0.000000;0.000000
0.000000;0.000000;0.000000;0.000000;0.000000;0.000000;0.000000;0.000000
0.000000;0.000000;0.000000;0.000000;0.000000;0.000000;0.000000;0.000000
0.000000;0.000000;0.000000;0.000000;0.000000;0.000000;0.000000;0.000000
0.000000;0.000000;0.000000;0.000000;0.000000;0.000000;0.000000;0.000000
0.000000;0.000000;0.000000;0.000000;0.000000;0.000000;0.000000;0.000000
0.000000;0.000000;0.000000;0.000000;0.000000;0.000000;0.000000;0.000000
0.000000;0.000000;0.000000;0.000000;0.000000;0.000000;0.000000;0.000000
0.000000;0.000000;0.000000;0.000000;0.000000;0.000000;0.000000;0.000000
0.000000;0.000000;0.000000;0.000000;0.000000;0.000000;0.000000;0.000000
0.000000;0.000000;0.000000;0.000000;0.000000;0.000000;0.000000;0.000000
0.000000;0.000000;0.000000;0.000000;0.000000;0.000000;0.000000;0.000000
0.000000;0.000000;0.000000;0.000000;0.000000;0.000000;0.000000;0.000000
0.000000;0.000000;0.000000;0.000000;0.000000;0.000000;0.000000;0.000000
0.000000;0.000000;0.000000;0.000000;0.000000;0.000000;0.000000;0.000000
0.000000;0.000000;0.000000;0.000000;0.000000;0.000000;0.000000;0.000000
0.000000;0.000000;0.000000;0.000000;0.000000;0.000000;0.000000;0.000000
0.000000;0.000000;0.000000;0.000000;0.000000;0.000000;0.000000;0.000000
0.000000;0.000000;0.000000;0.000000;0.000000;0.000000;0.000000;0.000000
0.000000;0.000000;0.000000;0.000000;0.000000;0.000000;0.000000;0.000000
0.000000;0.000000;0.000000;0.000000;0.000000;0.000000;0.000000;0.000000
0.000000;0.000000;0.000000;0.000000;0.000000;0.000000;0.000000;0.000000
0.000000;0.000000;0.000000;0.000000;0.000000;0.000000;0.000000;0.000000
0.000000;0.000000;0.000000;0.000000;0.000000;0.000000;0.000000;0.000000
0.000000;0.000000;0.000000;0.000000;0.000000;0.000000;0.000000;0.000000
0.000000;0.000000;0.000000;0.000000;0.000000;0.000000;0.000000;0.000000
0.000000;0.000000;0.000000;0.000000;0.000000;0.000000;0.000000;0.000000
0.000000;0.000000;0.000000;0.000000;0.000000;0.000000;0.000000;0.000000
0.000000;0.000000;0.000000;0.000000;0.000000;0.000000;0.000000;0.000000
0.000000;0.000000;0.000000;0.000000;0.000000;0.000000;0.000000;0.000000
0.000000;0.000000;0.000000;0.000000;0.000000;0.000000;0.000000;0.000000
0.000000;0.000000;0.000000;0.000000;0.000000;0.000000;0.000000;0.000000
0.000000;0.000000;0.000000;0.000000;0.000000;0.000000;0.000000;0.000000
0.000000;0.000000;0.000000;0.000000;0.000000;0.000000;0.000000;0.000000
0.000000;0.000000;0.000000;0.000000;0.000000;0.000000;0.000000;0.000000
0.000000;0.000000;0.000000;0.000000;0.000000;0.000000;0.000000;0.000000
0.000000;0.000000;0.000000;0.000000;0.000000;0.000000;0.000000;0.000000
0.000000;0.000000;0.000000;0.000000;0.000000;0.000000;0.000000;0.000000
0.000000;0.000000;0.000000;0.000000;0.000000;0.000000;0.000000;0.000000
0.000000;0.000000;0.000000;0.000000;0.000000;0.000000;0.000000;0.000000
0.000000;0.000000;0.000000;0.000000;0.000000;0.000000;0.000000;0.000000
0.000000;0.000000;0.000000;0.000000;0.000000;0.000000;0.000000;0.000000
0.000000;0.000000;0.000000;0.000000;0.000000;0.000000;0.000000;0.000000
0.000000;0.000000;0.000000;0.000000;0.000000;0.000000;0.000000;0.000000
0.000000;0.000000;0.000000;0.000000;0.000000;0.000000;0.000000;0.000000
0.000000;0.000000;0.000000;0.000000;0.000000;0.000000;0.000000;0.000000
0.000000;0.000000;0.000000;0.000000;0.000000;0.000000;0.000000;0.000000
0.000000;0.000000;0.000000;0.000000;0.000000;0.000000;0.000000;0.000000
0.000000;0.000000;0.000000;0.000000;0.000000;0.000000;0.000000;0.000000
0.000000;0.000000;0.000000;0.000000;0.000000;0.000000;0.000000;0.000000
0.000000;0.000000;0.000000;0.000000;0.000000;0.000000;0.000000;0.000000
0.000000;0.000000;0.000000;0.000000;0.000000;0.000000;0.000000;0.000000
0.000000;0.000000;0.000000;0.000000;0.000000;0.000000;0.000000;0.000000
0.000000;0.000000;0.000000;0.000000;0.000000;0.000000;0.000000;0.000000
0.000000;0.000000;0.000000;0.000000;0.000000;0.000000;0.000000;0.000000
0.000000;0.000000;0.000000;0.000000;0.000000;0.000000;0.000000;0.000000
0.000000;0.000000;0.000000;0.000000;0.000000;0.000000;0.000000;0.000000
0.000000;0.000000;0.000000;0.000000;0.000000;0.000000;0.000000;0.000000
0.000000;0.000000;0.000000;0.000000;0.000000;0.000000;0.000000;0.000000
0.000000;0.000000;0.000000;0.000000;0.000000;0.000000;0.000000;0.000000
0.000000;0.000000;0.000000;0.000000;0.000000;0.000000;0.000000;0.000000
0.000000;0.000000;0.000000;0.000000;0.000000;0.000000;0.000000;0.000000
0.000000;0.000000;0.000000;0.000000;0.000000;0.000000;0.000000;0.000000
0.000000;0.000000;0.000000;0.000000;0.000000;0.000000;0.000000;0.000000
0.000000;0.000000;0.000000;0.000000;0.000000;0.000000;0.000000;0.000000
0.000000;0.000000;0.000000;0.000000;0.000000;0.000000;0.000000;0.000000
0.000000;0.000000;0.000000;0.000000;0.000000;0.000000;0.000000;0.000000
0.000000;0.000000;0.000000;0.000000;0.000000;0.000000;0.000000;0.000000
0.000000;0.000000;0.000000;0.000000;0.000000;0.000000;0.000000;0.000000
0.000000;0.000000;0.000000;0.000000;0.000000;0.000000;0.000000;0.000000
0.000000;0.000000;0.000000;0.000000;0.000000;0.000000;0.000000;0.000000
0.000000;0.000000;0.000000;0.000000;0.000000;0.000000;0.000000;0.000000
0.000000;0.000000;0.000000;0.000000;0.000000;0.000000;0.000000;0.000000
0.000000;0.000000;0.000000;0.000000;0.000000;0.000000;0.000000;0.000000
0.000000;0.000000;0.000000;0.000000;0.000000;0.000000;0.000000;0.000000
0.000000;0.000000;0.000000;0.000000;0.000000;0.000000;0.000000;0.000000
0.000000;0.000000;0.000000;0.000000;0.000000;0.000000;0.000000;0.000000
0.000000;0.000000;0.000000;0.000000;0.000000;0.000000;0.000000;0.000000
0.000000;0.000000;0.000000;0.000000;0.000000;0.000000;0.000000;0.000000
0.000000;0.000000;0.000000;0.000000;0.000000;0.000000;0.000000;0.000000
0.000000;0.000000;0.000000;0.000000;0.000000;0.000000;0.000000;0.000000
0.000000;0.000000;0.000000;0.000000;0.000000;0.000000;0.000000;0.000000
0.000000;0.000000;0.000000;0.000000;0.000000;0.000000;0.000000;0.000000
0.000000;0.000000;0.000000;0.000000;0.000000;0.000000;0.000000;0.000000
0.000000;0.000000;0.000000;0.000000;0.000000;0.000000;0.000000;0.000000
0.000000;0.000000;0.000000;0.000000;0.000000;0.000000;0.000000;0.000000
0.000000;0.000000;0.000000;0.000000;0.000000;0.000000;0.000000;0.000000
0.000000;0.000000;0.000000;0.000000;0.000000;0.000000;0.000000;0.000000
0.000000;0.000000;0.000000;0.000000;0.000000;0.000000;0.000000;0.000000
0.000000;0.000000;0.000000;0.000000;0.000000;0.000000;0.000000;0.000000
0.000000;0.000000;0.000000;0.000000;0.000000;0.000000;0.000000;0.000000
0.000000;0.000000;0.000000;0.000000;0.000000;0.000000;0.000000;0.000000
0.000000;0.000000;0.000000;0.000000;0.000000;0.000000;0.000000;0.000000
0.000000;0.000000;0.000000;0.000000;0.000000;0.000000;0.000000;0.000000
0.000000;0.000000;0.000000;0.000000;0.000000;0.000000;0.000000;0.000000
0.000000;0.000000;0.000000;0.000000;0.000000;0.000000;0.000000;0.000000
0.000000;0.000000;0.000000;0.000000;0.000000;0.000000;0.000000;0.000000
0.000000;0.000000;0.000000;0.000000;0.000000;0.000000;0.000000;0.000000
0.000000;0.000000;0.000000;0.000000;0.000000;0.000000;0.000000;0.000000
0.000000;0.000000;0.000000;0.000000;0.000000;0.000000;0.000000;0.000000
0.000000;0.000000;0.000000;0.000000;0.000000;0.000000;0.000000;0.000000
0.000000;0.000000;0.000000;0.000000;0.000000;0.000000;0.000000;0.000000
0.000000;0.000000;0.000000;0.000000;0.000000;0.000000;0.000000;0.000000
0.000000;0.000000;0.000000;0.000000;0.000000;0.000000;0.000000;0.000000
0.000000;0.000000;0.000000;0.000000;0.000000;0.000000;0.000000;0.000000
0.000000;0.000000;0.000000;0.000000;0.000000;0.000000;0.000000;0.000000
0.000000;0.000000;0.000000;0.000000;0.000000;0.000000;0.000000;0.000000
0.000000;0.000000;0.000000;0.000000;0.000000;0.000000;0.000000;0.000000
0.000000;0.000000;0.000000;0.000000;0.000000;0.000000;0.000000;0.000000
0.000000;0.000000;0.000000;0.000000;0.000000;0.000000;0.000000;0.000000
0.000000;0.000000;0.000000;0.000000;0.000000;0.000000;0.000000;0.000000
0.000000;0.000000;0.000000;0.000000;0.000000;0.000000;0.000000;0.000000
0.000000;0.000000;0.000000;0.000000;0.000000;0.000000;0.000000;0.000000
0.000000;0.000000;0.000000;0.000000;0.000000;0.000000;0.000000;0.000000
0.000000;0.000000;0.000000;0.000000;0.000000;0.000000;0.000000;0.000000
0.000000;0.000000;0.000000;0.000000;0.000000;0.000000;0.000000;0.000000
0.000000;0.000000;0.000000;0.000000;0.000000;0.000000;0.000000;0.000000
0.000000;0.000000;0.000000;0.000000;0.000000;0.000000;0.000000;0.000000
0.000000;0.000000;0.000000;0.000000;0.000000;0.000000;0.000000;0.000000
0.000000;0.000000;0.000000;0.000000;0.000000;0.000000;0.000000;0.000000
0.000000;0.000000;0.000000;0.000000;0.000000;0.000000;0.000000;0.000000
0.000000;0.000000;0.000000;0.000000;0.000000;0.000000;0.000000;0.000000
0.000000;0.000000;0.000000;0.000000;0.000000;0.000000;0.000000;0.000000
0.000000;0.000000;0.000000;0.000000;0.000000;0.000000;0.000000;0.000000
0.000000;0.000000;0.000000;0.000000;0.000000;0.000000;0.000000;0.000000
0.000000;0.000000;0.000000;0.000000;0.000000;0.000000;0.000000;0.000000
0.000000;0.000000;0.000000;0.000000;0.000000;0.000000;0.000000;0.000000
0.000000;0.000000;0.000000;0.000000;0.000000;0.000000;0.000000;0.000000
0.000000;0.000000;0.000000;0.000000;0.000000;0.000000;0.000000;0.000000
0.000000;0.000000;0.000000;0.000000;0.000000;0.000000;0.000000;0.000000
0.000000;0.000000;0.000000;0.000000;0.000000;0.000000;0.000000;0.000000
0.000000;0.000000;0.000000;0.000000;0.000000;0.000000;0.000000;0.000000
0.000000;0.000000;0.000000;0.000000;0.000000;0.000000;0.000000;0.000000
0.000000;0.000000;0.000000;0.000000;0.000000;0.000000;0.000000;0.000000
0.000000;0.000000;0.000000;0.000000;0.000000;0.000000;0.000000;0.000000
0.000000;0.000000;0.000000;0.000000;0.000000;0.000000;0.000000;0.000000
0.000000;0.000000;0.000000;0.000000;0.000000;0.000000;0.000000;0.000000
0.000000;0.000000;0.000000;0.000000;0.000000;0.000000;0.000000;0.000000
0.000000;0.000000;0.000000;0.000000;0.000000;0.000000;0.000000;0.000000
0.000000;0.000000;0.000000;0.000000;0.000000;0.000000;0.000000;0.000000
0.000000;0.000000;0.000000;0.000000;0.000000;0.000000;0.000000;0.000000
0.000000;0.000000;0.000000;0.000000;0.000000;0.000000;0.000000;0.000000
0.000000;0.000000;0.000000;0.000000;0.000000;0.000000;0.000000;0.000000
0.000000;0.000000;0.000000;0.000000;0.000000;0.000000;0.000000;0.000000
0.000000;0.000000;0.000000;0.000000;0.000000;0.000000;0.000000;0.000000
0.000000;0.000000;0.000000;0.000000;0.000000;0.000000;0.000000;0.000000
0.000000;0.000000;0.000000;0.000000;0.000000;0.000000;0.000000;0.000000
0.000000;0.000000;0.000000;0.000000;0.000000;0.000000;0.000000;0.000000
0.000000;0.000000;0.000000;0.000000;0.000000;0.000000;0.000000;0.000000
0.000000;0.000000;0.000000;0.000000;0.000000;0.000000;0.000000;0.000000
0.000000;0.000000;0.000000;0.000000;0.000000;0.000000;0.000000;0.000000
0.000000;0.000000;0.000000;0.000000;0.000000;0.000000;0.000000;0.000000
0.000000;0.000000;0.000000;0.000000;0.000000;0.000000;0.000000;0.000000
0.000000;0.000000;0.000000;0.000000;0.000000;0.000000;0.000000;0.000000
0.000000;0.000000;0.000000;0.000000;0.000000;0.000000;0.000000;0.000000
0.000000;0.000000;0.000000;0.000000;0.000000;0.000000;0.000000;0.000000
0.000000;0.000000;0.000000;0.000000;0.000000;0.000000;0.000000;0.000000
0.000000;0.000000;0.000000;0.000000;0.000000;0.000000;0.000000;0.000000
0.000000;0.000000;0.000000;0.000000;0.000000;0.000000;0.000000;0.000000
0.000000;0.000000;0.000000;0.000000;0.000000;0.000000;0.000000;0.000000
0.000000;0.000000;0.000000;0.000000;0.000000;0.000000;0.000000;0.000000
0.000000;0.000000;0.000000;0.000000;0.000000;0.000000;0.000000;0.000000
0.000000;0.000000;0.000000;0.000000;0.000000;0.000000;0.000000;0.000000
0.000000;0.000000;0.000000;0.000000;0.000000;0.000000;0.000000;0.000000
0.000000;0.000000;0.000000;0.000000;0.000000;0.000000;0.000000;0.000000
0.000000;0.000000;0.000000;0.000000;0.000000;0.000000;0.000000;0.000000
0.000000;0.000000;0.000000;0.000000;0.000000;0.000000;0.000000;0.000000
0.000000;0.000000;0.000000;0.000000;0.000000;0.000000;0.000000;0.000000
0.000000;0.000000;0.000000;0.000000;0.000000;0.000000;0.000000;0.000000
0.000000;0.000000;0.000000;0.000000;0.000000;0.000000;0.000000;0.000000
0.000000;0.000000;0.000000;0.000000;0.000000;0.000000;0.000000;0.000000
0.000000;0.000000;0.000000;0.000000;0.000000;0.000000;0.000000;0.000000
0.000000;0.000000;0.000000;0.000000;0.000000;0.000000;0.000000;0.000000
0.000000;0.000000;0.000000;0.000000;0.000000;0.000000;0.000000;0.000000
0.000000;0.000000;0.000000;0.000000;0.000000;0.000000;0.000000;0.000000
0.000000;0.000000;0.000000;0.000000;0.000000;0.000000;0.000000;0.000000
0.000000;0.000000;0.000000;0.000000;0.000000;0.000000;0.000000;0.000000
0.000000;0.000000;0.000000;0.000000;0.000000;0.000000;0.000000;0.000000
0.000000;0.000000;0.000000;0.000000;0.000000;0.000000;0.000000;0.000000
0.000000;0.000000;0.000000;0.000000;0.000000;0.000000;0.000000;0.000000
0.000000;0.000000;0.000000;0.000000;0.000000;0.000000;0.000000;0.000000
0.000000;0.000000;0.000000;0.000000;0.000000;0.000000;0.000000;0.000000
0.000000;0.000000;0.000000;0.000000;0.000000;0.000000;0.000000;0.000000
0.000000;0.000000;0.000000;0.000000;0.000000;0.000000;0.000000;0.000000
0.000000;0.000000;0.000000;0.000000;0.000000;0.000000;0.000000;0.000000
0.000000;0.000000;0.000000;0.000000;0.000000;0.000000;0.000000;0.000000
0.000000;0.000000;0.000000;0.000000;0.000000;0.000000;0.000000;0.000000
0.000000;0.000000;0.000000;0.000000;0.000000;0.000000;0.000000;0.000000
0.000000;0.000000;0.000000;0.000000;0.000000;0.000000;0.000000;0.000000
0.000000;0.000000;0.000000;0.000000;0.000000;0.000000;0.000000;0.000000
0.000000;0.000000;0.000000;0.000000;0.000000;0.000000;0.000000;0.000000
0.000000;0.000000;0.000000;0.000000;0.000000;0.000000;0.000000;0.000000
0.000000;0.000000;0.000000;0.000000;0.000000;0.000000;0.000000;0.000000
