0.000000;-1.000000;18845.000000;0.000000;142961.000000;19931.000000;0.000000;10.573063
1.000000;-1.000000;21922.000000;0.000000;35550.000000;21564.000000;0.000000;20.673727
2.000000;-1.000000;18165.000000;0.000000;145880.000000;20579.000000;0.000000;30.847260
3.000000;20654.000000;20232.000000;0.000000;81065.000000;20654.000000;1.000000;40.995796
4.000000;20654.000000;18262.000000;0.000000;67612.000000;20405.000000;1.000000;50.953186
5.000000;20654.000000;12693.000000;0.000000;299275.000000;20469.000000;0.000000;60.975922
6.000000;21313.000000;17212.000000;0.000000;131562.000000;21313.000000;1.000000;70.921242
7.000000;21313.000000;16825.000000;0.000000;184527.000000;20500.000000;1.000000;80.992325
8.000000;21313.000000;17645.000000;0.000000;150380.000000;20475.000000;0.000000;91.154945
9.000000;21336.000000;16026.000000;0.000000;188291.000000;21336.000000;1.000000;101.208557
10.000000;21336.000000;19088.000000;0.000000;63279.000000;20834.000000;0.000000;111.271866
11.000000;21426.000000;15009.000000;0.000000;231274.000000;21426.000000;1.000000;121.311325
12.000000;21479.000000;18115.000000;0.000000;88413.000000;21479.000000;1.000000;131.333435
13.000000;21479.000000;14735.000000;0.000000;226383.000000;20629.000000;0.000000;141.446915
14.000000;21479.000000;15661.000000;0.000000;149994.000000;21074.000000;0.000000;151.542816
15.000000;21479.000000;16586.000000;0.000000;178248.000000;21143.000000;1.000000;161.599396
16.000000;21479.000000;14502.000000;0.000000;200164.000000;21143.000000;1.000000;171.539612
17.000000;21479.000000;16699.000000;0.000000;182554.000000;21143.000000;1.000000;181.577682
18.000000;21479.000000;15568.000000;0.000000;216584.000000;21143.000000;1.000000;191.511383
19.000000;21479.000000;15735.000000;0.000000;194225.000000;21143.000000;1.000000;201.600403
20.000000;21479.000000;15314.000000;0.000000;173370.000000;21143.000000;1.000000;221.839676
21.000000;21479.000000;14520.000000;0.000000;225999.000000;21143.000000;1.000000;242.083908
22.000000;21479.000000;15846.000000;0.000000;148284.000000;21143.000000;1.000000;262.112885
23.000000;21479.000000;14984.000000;0.000000;187653.000000;21143.000000;1.000000;282.543701
24.000000;21479.000000;15898.000000;0.000000;154425.000000;21143.000000;1.000000;302.661346
25.000000;21479.000000;15744.000000;0.000000;158943.000000;21143.000000;1.000000;322.937958
26.000000;21479.000000;14856.000000;0.000000;196932.000000;21143.000000;1.000000;343.342316
27.000000;21479.000000;16165.000000;0.000000;151020.000000;21143.000000;1.000000;363.768677
28.000000;21479.000000;17400.000000;0.000000;99064.000000;21143.000000;1.000000;384.030640
29.000000;21479.000000;15729.000000;0.000000;164691.000000;21143.000000;1.000000;404.207703
30.000000;21479.000000;15595.000000;0.000000;195892.000000;21143.000000;1.000000;424.159912
31.000000;21479.000000;17760.000000;0.000000;131931.000000;21143.000000;1.000000;445.037628
32.000000;21479.000000;15929.000000;0.000000;196271.000000;21143.000000;1.000000;465.261444
33.000000;21479.000000;16083.000000;0.000000;163321.000000;21143.000000;1.000000;485.337311
34.000000;21479.000000;17003.000000;0.000000;136961.000000;21143.000000;1.000000;505.356750
35.000000;21479.000000;15543.000000;0.000000;195828.000000;21143.000000;1.000000;525.342651
36.000000;21479.000000;15265.000000;0.000000;208277.000000;21143.000000;1.000000;545.366577
37.000000;21479.000000;16250.000000;0.000000;197824.000000;21143.000000;1.000000;565.261597
38.000000;21479.000000;17359.000000;0.000000;151623.000000;21143.000000;1.000000;585.535767
39.000000;21479.000000;14548.000000;0.000000;262495.000000;21143.000000;1.000000;605.581299
40.000000;21479.000000;16875.000000;0.000000;148635.000000;21389.000000;1.000000;646.027893
41.000000;21479.000000;16271.000000;0.000000;160851.000000;21389.000000;1.000000;686.221863
42.000000;21479.000000;16181.000000;0.000000;176511.000000;21389.000000;1.000000;726.466187
43.000000;21479.000000;15193.000000;0.000000;195780.000000;21389.000000;1.000000;767.318726
44.000000;21479.000000;15730.000000;0.000000;179667.000000;21389.000000;1.000000;807.769287
45.000000;21479.000000;14673.000000;0.000000;211237.000000;21389.000000;1.000000;848.219421
46.000000;21479.000000;16146.000000;0.000000;182694.000000;21389.000000;1.000000;889.026001
47.000000;21479.000000;15686.000000;0.000000;215145.000000;21389.000000;1.000000;929.471863
48.000000;21479.000000;15310.000000;0.000000;146285.000000;21389.000000;1.000000;969.502380
49.000000;21479.000000;17213.000000;0.000000;89768.000000;21389.000000;1.000000;1009.798523
50.000000;21479.000000;15662.000000;0.000000;173660.000000;21389.000000;1.000000;1049.748169
51.000000;21479.000000;16412.000000;0.000000;151790.000000;21389.000000;1.000000;1089.883789
52.000000;21479.000000;15557.000000;0.000000;210801.000000;21389.000000;1.000000;1130.195190
53.000000;21479.000000;15190.000000;0.000000;162055.000000;21389.000000;1.000000;1170.660034
54.000000;21479.000000;15385.000000;0.000000;208454.000000;21389.000000;1.000000;1210.979492
55.000000;21479.000000;18709.000000;0.000000;97962.000000;21389.000000;1.000000;1251.370850
56.000000;21479.000000;15819.000000;0.000000;190488.000000;21389.000000;1.000000;1291.984985
57.000000;21479.000000;18084.000000;0.000000;127040.000000;21389.000000;1.000000;1332.148193
58.000000;21479.000000;16296.000000;0.000000;189879.000000;21389.000000;1.000000;1372.836670
59.000000;21479.000000;14819.000000;0.000000;231928.000000;21389.000000;1.000000;1413.046387
60.000000;21769.000000;15826.000000;0.000000;230897.000000;21769.000000;1.000000;1494.956421
61.000000;21930.000000;18205.000000;0.000000;67153.000000;21930.000000;1.000000;1575.413818
62.000000;21930.000000;18387.000000;0.000000;141934.000000;21884.000000;0.000000;1656.084839
63.000000;21930.000000;14768.000000;0.000000;197035.000000;21837.000000;0.000000;1736.045898
64.000000;21930.000000;18406.000000;0.000000;126939.000000;21930.000000;0.000000;1825.903076
65.000000;21930.000000;14654.000000;0.000000;216775.000000;21930.000000;0.000000;1906.438721
66.000000;21930.000000;16720.000000;0.000000;143714.000000;21930.000000;0.000000;1988.111572
67.000000;21930.000000;15287.000000;0.000000;191216.000000;21930.000000;0.000000;2069.714600
68.000000;21930.000000;17223.000000;0.000000;112625.000000;21930.000000;0.000000;2150.310547
69.000000;21930.000000;15577.000000;0.000000;206351.000000;21930.000000;0.000000;2231.142578
70.000000;21930.000000;18405.000000;0.000000;80997.000000;21930.000000;0.000000;2312.890869
71.000000;21930.000000;17233.000000;0.000000;182431.000000;21930.000000;0.000000;2394.254395
72.000000;21930.000000;16741.000000;0.000000;154312.000000;21930.000000;0.000000;2475.118652
73.000000;21930.000000;17164.000000;0.000000;151965.000000;21930.000000;0.000000;2556.852783
74.000000;21930.000000;19510.000000;0.000000;59289.000000;21930.000000;0.000000;2637.239746
75.000000;21930.000000;16662.000000;0.000000;197270.000000;21930.000000;0.000000;2718.271729
76.000000;21930.000000;19560.000000;0.000000;77009.000000;21930.000000;0.000000;2798.766602
77.000000;21930.000000;18003.000000;0.000000;132145.000000;21930.000000;0.000000;2880.224609
78.000000;21930.000000;16820.000000;0.000000;206988.000000;21930.000000;0.000000;2960.225342
79.000000;21930.000000;14544.000000;0.000000;259682.000000;21930.000000;0.000000;3042.540039
80.000000;21930.000000;18731.000000;0.000000;131020.000000;22705.000000;0.000000;3204.161133
81.000000;21930.000000;15950.000000;0.000000;187216.000000;22705.000000;0.000000;3366.915527
82.000000;21930.000000;16936.000000;0.000000;190413.000000;22705.000000;0.000000;3527.403320
83.000000;21930.000000;16013.000000;0.000000;199615.000000;22705.000000;0.000000;3689.932129
0.000000;0.000000;0.000000;0.000000;0.000000;0.000000;0.000000;0.000000
0.000000;0.000000;0.000000;0.000000;0.000000;0.000000;0.000000;0.000000
0.000000;0.000000;0.000000;0.000000;0.000000;0.000000;0.000000;0.000000
0.000000;0.000000;0.000000;0.000000;0.000000;0.000000;0.000000;0.000000
0.000000;0.000000;0.000000;0.000000;0.000000;0.000000;0.000000;0.000000
0.000000;0.000000;0.000000;0.000000;0.000000;0.000000;0.000000;0.000000
0.000000;0.000000;0.000000;0.000000;0.000000;0.000000;0.000000;0.000000
0.000000;0.000000;0.000000;0.000000;0.000000;0.000000;0.000000;0.000000
0.000000;0.000000;0.000000;0.000000;0.000000;0.000000;0.000000;0.000000
0.000000;0.000000;0.000000;0.000000;0.000000;0.000000;0.000000;0.000000
0.000000;0.000000;0.000000;0.000000;0.000000;0.000000;0.000000;0.000000
0.000000;0.000000;0.000000;0.000000;0.000000;0.000000;0.000000;0.000000
0.000000;0.000000;0.000000;0.000000;0.000000;0.000000;0.000000;0.000000
0.000000;0.000000;0.000000;0.000000;0.000000;0.000000;0.000000;0.000000
0.000000;0.000000;0.000000;0.000000;0.000000;0.000000;0.000000;0.000000
0.000000;0.000000;0.000000;0.000000;0.000000;0.000000;0.000000;0.000000
0.000000;0.000000;0.000000;0.000000;0.000000;0.000000;0.000000;0.000000
0.000000;0.000000;0.000000;0.000000;0.000000;0.000000;0.000000;0.000000
0.000000;0.000000;0.000000;0.000000;0.000000;0.000000;0.000000;0.000000
0.000000;0.000000;0.000000;0.000000;0.000000;0.000000;0.000000;0.000000
0.000000;0.000000;0.000000;0.000000;0.000000;0.000000;0.000000;0.000000
0.000000;0.000000;0.000000;0.000000;0.000000;0.000000;0.000000;0.000000
0.000000;0.000000;0.000000;0.000000;0.000000;0.000000;0.000000;0.000000
0.000000;0.000000;0.000000;0.000000;0.000000;0.000000;0.000000;0.000000
0.000000;0.000000;0.000000;0.000000;0.000000;0.000000;0.000000;0.000000
0.000000;0.000000;0.000000;0.000000;0.000000;0.000000;0.000000;0.000000
0.000000;0.000000;0.000000;0.000000;0.000000;0.000000;0.000000;0.000000
0.000000;0.000000;0.000000;0.000000;0.000000;0.000000;0.000000;0.000000
0.000000;0.000000;0.000000;0.000000;0.000000;0.000000;0.000000;0.000000
0.000000;0.000000;0.000000;0.000000;0.000000;0.000000;0.000000;0.000000
0.000000;0.000000;0.000000;0.000000;0.000000;0.000000;0.000000;0.000000
0.000000;0.000000;0.000000;0.000000;0.000000;0.000000;0.000000;0.000000
0.000000;0.000000;0.000000;0.000000;0.000000;0.000000;0.000000;0.000000
0.000000;0.000000;0.000000;0.000000;0.000000;0.000000;0.000000;0.000000
0.000000;0.000000;0.000000;0.000000;0.000000;0.000000;0.000000;0.000000
0.000000;0.000000;0.000000;0.000000;0.000000;0.000000;0.000000;0.000000
0.000000;0.000000;0.000000;0.000000;0.000000;0.000000;0.000000;0.000000
0.000000;0.000000;0.000000;0.000000;0.000000;0.000000;0.000000;0.000000
0.000000;0.000000;0.000000;0.000000;0.000000;0.000000;0.000000;0.000000
0.000000;0.000000;0.000000;0.000000;0.000000;0.000000;0.000000;0.000000
0.000000;0.000000;0.000000;0.000000;0.000000;0.000000;0.000000;0.000000
0.000000;0.000000;0.000000;0.000000;0.000000;0.000000;0.000000;0.000000
0.000000;0.000000;0.000000;0.000000;0.000000;0.000000;0.000000;0.000000
0.000000;0.000000;0.000000;0.000000;0.000000;0.000000;0.000000;0.000000
0.000000;0.000000;0.000000;0.000000;0.000000;0.000000;0.000000;0.000000
0.000000;0.000000;0.000000;0.000000;0.000000;0.000000;0.000000;0.000000
0.000000;0.000000;0.000000;0.000000;0.000000;0.000000;0.000000;0.000000
0.000000;0.000000;0.000000;0.000000;0.000000;0.000000;0.000000;0.000000
0.000000;0.000000;0.000000;0.000000;0.000000;0.000000;0.000000;0.000000
0.000000;0.000000;0.000000;0.000000;0.000000;0.000000;0.000000;0.000000
0.000000;0.000000;0.000000;0.000000;0.000000;0.000000;0.000000;0.000000
0.000000;0.000000;0.000000;0.000000;0.000000;0.000000;0.000000;0.000000
0.000000;0.000000;0.000000;0.000000;0.000000;0.000000;0.000000;0.000000
0.000000;0.000000;0.000000;0.000000;0.000000;0.000000;0.000000;0.000000
0.000000;0.000000;0.000000;0.000000;0.000000;0.000000;0.000000;0.000000
0.000000;0.000000;0.000000;0.000000;0.000000;0.000000;0.000000;0.000000
0.000000;0.000000;0.000000;0.000000;0.000000;0.000000;0.000000;0.000000
0.000000;0.000000;0.000000;0.000000;0.000000;0.000000;0.000000;0.000000
0.000000;0.000000;0.000000;0.000000;0.000000;0.000000;0.000000;0.000000
0.000000;0.000000;0.000000;0.000000;0.000000;0.000000;0.000000;0.000000
0.000000;0.000000;0.000000;0.000000;0.000000;0.000000;0.000000;0.000000
0.000000;0.000000;0.000000;0.000000;0.000000;0.000000;0.000000;0.000000
0.000000;0.000000;0.000000;0.000000;0.000000;0.000000;0.000000;0.000000
0.000000;0.000000;0.000000;0.000000;0.000000;0.000000;0.000000;0.000000
0.000000;0.000000;0.000000;0.000000;0.000000;0.000000;0.000000;0.000000
0.000000;0.000000;0.000000;0.000000;0.000000;0.000000;0.000000;0.000000
0.000000;0.000000;0.000000;0.000000;0.000000;0.000000;0.000000;0.000000
0.000000;0.000000;0.000000;0.000000;0.000000;0.000000;0.000000;0.000000
0.000000;0.000000;0.000000;0.000000;0.000000;0.000000;0.000000;0.000000
0.000000;0.000000;0.000000;0.000000;0.000000;0.000000;0.000000;0.000000
0.000000;0.000000;0.000000;0.000000;0.000000;0.000000;0.000000;0.000000
0.000000;0.000000;0.000000;0.000000;0.000000;0.000000;0.000000;0.000000
0.000000;0.000000;0.000000;0.000000;0.000000;0.000000;0.000000;0.000000
0.000000;0.000000;0.000000;0.000000;0.000000;0.000000;0.000000;0.000000
0.000000;0.000000;0.000000;0.000000;0.000000;0.000000;0.000000;0.000000
0.000000;0.000000;0.000000;0.000000;0.000000;0.000000;0.000000;0.000000
0.000000;0.000000;0.000000;0.000000;0.000000;0.000000;0.000000;0.000000
0.000000;0.000000;0.000000;0.000000;0.000000;0.000000;0.000000;0.000000
0.000000;0.000000;0.000000;0.000000;0.000000;0.000000;0.000000;0.000000
0.000000;0.000000;0.000000;0.000000;0.000000;0.000000;0.000000;0.000000
0.000000;0.000000;0.000000;0.000000;0.000000;0.000000;0.000000;0.000000
0.000000;0.000000;0.000000;0.000000;0.000000;0.000000;0.000000;0.000000
0.000000;0.000000;0.000000;0.000000;0.000000;0.000000;0.000000;0.000000
0.000000;0.000000;0.000000;0.000000;0.000000;0.000000;0.000000;0.000000
0.000000;0.000000;0.000000;0.000000;0.000000;0.000000;0.000000;0.000000
0.000000;0.000000;0.000000;0.000000;0.000000;0.000000;0.000000;0.000000
0.000000;0.000000;0.000000;0.000000;0.000000;0.000000;0.000000;0.000000
0.000000;0.000000;0.000000;0.000000;0.000000;0.000000;0.000000;0.000000
0.000000;0.000000;0.000000;0.000000;0.000000;0.000000;0.000000;0.000000
0.000000;0.000000;0.000000;0.000000;0.000000;0.000000;0.000000;0.000000
0.000000;0.000000;0.000000;0.000000;0.000000;0.000000;0.000000;0.000000
0.000000;0.000000;0.000000;0.000000;0.000000;0.000000;0.000000;0.000000
0.000000;0.000000;0.000000;0.000000;0.000000;0.000000;0.000000;0.000000
0.000000;0.000000;0.000000;0.000000;0.000000;0.000000;0.000000;0.000000
0.000000;0.000000;0.000000;0.000000;0.000000;0.000000;0.000000;0.000000
0.000000;0.000000;0.000000;0.000000;0.000000;0.000000;0.000000;0.000000
0.000000;0.000000;0.000000;0.000000;0.000000;0.000000;0.000000;0.000000
0.000000;0.000000;0.000000;0.000000;0.000000;0.000000;0.000000;0.000000
0.000000;0.000000;0.000000;0.000000;0.000000;0.000000;0.000000;0.000000
0.000000;0.000000;0.000000;0.000000;0.000000;0.000000;0.000000;0.000000
0.000000;0.000000;0.000000;0.000000;0.000000;0.000000;0.000000;0.000000
0.000000;0.000000;0.000000;0.000000;0.000000;0.000000;0.000000;0.000000
0.000000;0.000000;0.000000;0.000000;0.000000;0.000000;0.000000;0.000000
0.000000;0.000000;0.000000;0.000000;0.000000;0.000000;0.000000;0.000000
0.000000;0.000000;0.000000;0.000000;0.000000;0.000000;0.000000;0.000000
0.000000;0.000000;0.000000;0.000000;0.000000;0.000000;0.000000;0.000000
0.000000;0.000000;0.000000;0.000000;0.000000;0.000000;0.000000;0.000000
0.000000;0.000000;0.000000;0.000000;0.000000;0.000000;0.000000;0.000000
0.000000;0.000000;0.000000;0.000000;0.000000;0.000000;0.000000;0.000000
0.000000;0.000000;0.000000;0.000000;0.000000;0.000000;0.000000;0.000000
0.000000;0.000000;0.000000;0.000000;0.000000;0.000000;0.000000;0.000000
0.000000;0.000000;0.000000;0.000000;0.000000;0.000000;0.000000;0.000000
0.000000;0.000000;0.000000;0.000000;0.000000;0.000000;0.000000;0.000000
0.000000;0.000000;0.000000;0.000000;0.000000;0.000000;0.000000;0.000000
0.000000;0.000000;0.000000;0.000000;0.000000;0.000000;0.000000;0.000000
0.000000;0.000000;0.000000;0.000000;0.000000;0.000000;0.000000;0.000000
0.000000;0.000000;0.000000;0.000000;0.000000;0.000000;0.000000;0.000000
0.000000;0.000000;0.000000;0.000000;0.000000;0.000000;0.000000;0.000000
0.000000;0.000000;0.000000;0.000000;0.000000;0.000000;0.000000;0.000000
0.000000;0.000000;0.000000;0.000000;0.000000;0.000000;0.000000;0.000000
0.000000;0.000000;0.000000;0.000000;0.000000;0.000000;0.000000;0.000000
0.000000;0.000000;0.000000;0.000000;0.000000;0.000000;0.000000;0.000000
0.000000;0.000000;0.000000;0.000000;0.000000;0.000000;0.000000;0.000000
0.000000;0.000000;0.000000;0.000000;0.000000;0.000000;0.000000;0.000000
0.000000;0.000000;0.000000;0.000000;0.000000;0.000000;0.000000;0.000000
0.000000;0.000000;0.000000;0.000000;0.000000;0.000000;0.000000;0.000000
0.000000;0.000000;0.000000;0.000000;0.000000;0.000000;0.000000;0.000000
0.000000;0.000000;0.000000;0.000000;0.000000;0.000000;0.000000;0.000000
0.000000;0.000000;0.000000;0.000000;0.000000;0.000000;0.000000;0.000000
0.000000;0.000000;0.000000;0.000000;0.000000;0.000000;0.000000;0.000000
0.000000;0.000000;0.000000;0.000000;0.000000;0.000000;0.000000;0.000000
0.000000;0.000000;0.000000;0.000000;0.000000;0.000000;0.000000;0.000000
0.000000;0.000000;0.000000;0.000000;0.000000;0.000000;0.000000;0.000000
0.000000;0.000000;0.000000;0.000000;0.000000;0.000000;0.000000;0.000000
0.000000;0.000000;0.000000;0.000000;0.000000;0.000000;0.000000;0.000000
0.000000;0.000000;0.000000;0.000000;0.000000;0.000000;0.000000;0.000000
0.000000;0.000000;0.000000;0.000000;0.000000;0.000000;0.000000;0.000000
0.000000;0.000000;0.000000;0.000000;0.000000;0.000000;0.000000;0.000000
0.000000;0.000000;0.000000;0.000000;0.000000;0.000000;0.000000;0.000000
0.000000;0.000000;0.000000;0.000000;0.000000;0.000000;0.000000;0.000000
0.000000;0.000000;0.000000;0.000000;0.000000;0.000000;0.000000;0.000000
0.000000;0.000000;0.000000;0.000000;0.000000;0.000000;0.000000;0.000000
0.000000;0.000000;0.000000;0.000000;0.000000;0.000000;0.000000;0.000000
0.000000;0.000000;0.000000;0.000000;0.000000;0.000000;0.000000;0.000000
0.000000;0.000000;0.000000;0.000000;0.000000;0.000000;0.000000;0.000000
0.000000;0.000000;0.000000;0.000000;0.000000;0.000000;0.000000;0.000000
0.000000;0.000000;0.000000;0.000000;0.000000;0.000000;0.000000;0.000000
0.000000;0.000000;0.000000;0.000000;0.000000;0.000000;0.000000;0.000000
0.000000;0.000000;0.000000;0.000000;0.000000;0.000000;0.000000;0.000000
0.000000;0.000000;0.000000;0.000000;0.000000;0.000000;0.000000;0.000000
0.000000;0.000000;0.000000;0.000000;0.000000;0.000000;0.000000;0.000000
0.000000;0.000000;0.000000;0.000000;0.000000;0.000000;0.000000;0.000000
0.000000;0.000000;0.000000;0.000000;0.000000;0.000000;0.000000;0.000000
0.000000;0.000000;0.000000;0.000000;0.000000;0.000000;0.000000;0.000000
0.000000;0.000000;0.000000;0.000000;0.000000;0.000000;0.000000;0.000000
0.000000;0.000000;0.000000;0.000000;0.000000;0.000000;0.000000;0.000000
0.000000;0.000000;0.000000;0.000000;0.000000;0.000000;0.000000;0.000000
0.000000;0.000000;0.000000;0.000000;0.000000;0.000000;0.000000;0.000000
0.000000;0.000000;0.000000;0.000000;0.000000;0.000000;0.000000;0.000000
0.000000;0.000000;0.000000;0.000000;0.000000;0.000000;0.000000;0.000000
0.000000;0.000000;0.000000;0.000000;0.000000;0.000000;0.000000;0.000000
0.000000;0.000000;0.000000;0.000000;0.000000;0.000000;0.000000;0.000000
0.000000;0.000000;0.000000;0.000000;0.000000;0.000000;0.000000;0.000000
0.000000;0.000000;0.000000;0.000000;0.000000;0.000000;0.000000;0.000000
0.000000;0.000000;0.000000;0.000000;0.000000;0.000000;0.000000;0.000000
0.000000;0.000000;0.000000;0.000000;0.000000;0.000000;0.000000;0.000000
0.000000;0.000000;0.000000;0.000000;0.000000;0.000000;0.000000;0.000000
0.000000;0.000000;0.000000;0.000000;0.000000;0.000000;0.000000;0.000000
0.000000;0.000000;0.000000;0.000000;0.000000;0.000000;0.000000;0.000000
0.000000;0.000000;0.000000;0.000000;0.000000;0.000000;0.000000;0.000000
0.000000;0.000000;0.000000;0.000000;0.000000;0.000000;0.000000;0.000000
0.000000;0.000000;0.000000;0.000000;0.000000;0.000000;0.000000;0.000000
0.000000;0.000000;0.000000;0.000000;0.000000;0.000000;0.000000;0.000000
0.000000;0.000000;0.000000;0.000000;0.000000;0.000000;0.000000;0.000000
0.000000;0.000000;0.000000;0.000000;0.000000;0.000000;0.000000;0.000000
0.000000;0.000000;0.000000;0.000000;0.000000;0.000000;0.000000;0.000000
0.000000;0.000000;0.000000;0.000000;0.000000;0.000000;0.000000;0.000000
0.000000;0.000000;0.000000;0.000000;0.000000;0.000000;0.000000;0.000000
0.000000;0.000000;0.000000;0.000000;0.000000;0.000000;0.000000;0.000000
0.000000;0.000000;0.000000;0.000000;0.000000;0.000000;0.000000;0.000000
0.000000;0.000000;0.000000;0.000000;0.000000;0.000000;0.000000;0.000000
0.000000;0.000000;0.000000;0.000000;0.000000;0.000000;0.000000;0.000000
0.000000;0.000000;0.000000;0.000000;0.000000;0.000000;0.000000;0.000000
0.000000;0.000000;0.000000;0.000000;0.000000;0.000000;0.000000;0.000000
0.000000;0.000000;0.000000;0.000000;0.000000;0.000000;0.000000;0.000000
0.000000;0.000000;0.000000;0.000000;0.000000;0.000000;0.000000;0.000000
0.000000;0.000000;0.000000;0.000000;0.000000;0.000000;0.000000;0.000000
0.000000;0.000000;0.000000;0.000000;0.000000;0.000000;0.000000;0.000000
0.000000;0.000000;0.000000;0.000000;0.000000;0.000000;0.000000;0.000000
0.000000;0.000000;0.000000;0.000000;0.000000;0.000000;0.000000;0.000000
0.000000;0.000000;0.000000;0.000000;0.000000;0.000000;0.000000;0.000000
0.000000;0.000000;0.000000;0.000000;0.000000;0.000000;0.000000;0.000000
0.000000;0.000000;0.000000;0.000000;0.000000;0.000000;0.000000;0.000000
0.000000;0.000000;0.000000;0.000000;0.000000;0.000000;0.000000;0.000000
0.000000;0.000000;0.000000;0.000000;0.000000;0.000000;0.000000;0.000000
0.000000;0.000000;0.000000;0.000000;0.000000;0.000000;0.000000;0.000000
0.000000;0.000000;0.000000;0.000000;0.000000;0.000000;0.000000;0.000000
0.000000;0.000000;0.000000;0.000000;0.000000;0.000000;0.000000;0.000000
0.000000;0.000000;0.000000;0.000000;0.000000;0.000000;0.000000;0.000000
0.000000;0.000000;0.000000;0.000000;0.000000;0.000000;0.000000;0.000000
0.000000;0.000000;0.000000;0.000000;0.000000;0.000000;0.000000;0.000000
0.000000;0.000000;0.000000;0.000000;0.000000;0.000000;0.000000;0.000000
0.000000;0.000000;0.000000;0.000000;0.000000;0.000000;0.000000;0.000000
0.000000;0.000000;0.000000;0.000000;0.000000;0.000000;0.000000;0.000000
0.000000;0.000000;0.000000;0.000000;0.000000;0.000000;0.000000;0.000000
0.000000;0.000000;0.000000;0.000000;0.000000;0.000000;0.000000;0.000000
0.000000;0.000000;0.000000;0.000000;0.000000;0.000000;0.000000;0.000000
0.000000;0.000000;0.000000;0.000000;0.000000;0.000000;0.000000;0.000000
0.000000;0.000000;0.000000;0.000000;0.000000;0.000000;0.000000;0.000000
0.000000;0.000000;0.000000;0.000000;0.000000;0.000000;0.000000;0.000000
0.000000;0.000000;0.000000;0.000000;0.000000;0.000000;0.000000;0.000000
0.000000;0.000000;0.000000;0.000000;0.000000;0.000000;0.000000;0.000000
0.000000;0.000000;0.000000;0.000000;0.000000;0.000000;0.000000;0.000000
0.000000;0.000000;0.000000;0.000000;0.000000;0.000000;0.000000;0.000000
0.000000;0.000000;0.000000;0.000000;0.000000;0.000000;0.000000;0.000000
0.000000;0.000000;0.000000;0.000000;0.000000;0.000000;0.000000;0.000000
