0.000000;-1.000000;8165.000000;0.000000;226483.000000;6343.000000;0.000000;0.391349
1.000000;-1.000000;8517.000000;0.000000;161783.000000;4859.000000;0.000000;0.873523
2.000000;-1.000000;9316.000000;0.000000;95486.000000;5663.000000;0.000000;1.407084
3.000000;-1.000000;8603.000000;0.000000;224547.000000;5910.000000;0.000000;1.886205
4.000000;-1.000000;8457.000000;0.000000;233235.000000;5639.000000;0.000000;2.362404
5.000000;5613.000000;9095.000000;0.000000;138517.000000;5613.000000;1.000000;2.838737
6.000000;5613.000000;6301.000000;0.000000;162478.000000;6404.000000;0.000000;3.314443
7.000000;5613.000000;4769.000000;0.000000;223816.000000;6085.000000;0.000000;3.782304
8.000000;7257.000000;5662.000000;0.000000;94735.000000;7257.000000;1.000000;4.254763
9.000000;7257.000000;5908.000000;0.000000;213780.000000;6897.000000;0.000000;4.741129
10.000000;8321.000000;6339.000000;0.000000;255177.000000;8321.000000;1.000000;5.209579
11.000000;8321.000000;6103.000000;0.000000;183494.000000;6955.000000;1.000000;5.683093
12.000000;8321.000000;4610.000000;0.000000;348126.000000;5744.000000;0.000000;6.153373
13.000000;9068.000000;5968.000000;0.000000;174377.000000;9068.000000;1.000000;6.626932
14.000000;9068.000000;7912.000000;0.000000;103121.000000;8551.000000;0.000000;7.097360
15.000000;9068.000000;4640.000000;0.000000;292385.000000;6452.000000;1.000000;7.574272
16.000000;9068.000000;6270.000000;0.000000;209730.000000;8651.000000;0.000000;8.042197
17.000000;9068.000000;4988.000000;0.000000;256573.000000;8651.000000;0.000000;8.522974
18.000000;9068.000000;6550.000000;0.000000;297492.000000;8651.000000;0.000000;9.000704
19.000000;9068.000000;5944.000000;0.000000;227879.000000;8651.000000;0.000000;9.480680
20.000000;9068.000000;6355.000000;0.000000;231120.000000;8651.000000;1.000000;9.995256
21.000000;9068.000000;6087.000000;0.000000;257274.000000;8651.000000;1.000000;10.513395
22.000000;9068.000000;6582.000000;0.000000;237457.000000;8651.000000;1.000000;11.032538
23.000000;9068.000000;5860.000000;0.000000;249270.000000;8651.000000;1.000000;11.545023
24.000000;9068.000000;6137.000000;0.000000;274721.000000;8651.000000;1.000000;12.060786
25.000000;9068.000000;6352.000000;0.000000;195963.000000;8651.000000;1.000000;12.576836
26.000000;9068.000000;5827.000000;0.000000;217885.000000;8651.000000;1.000000;13.096434
27.000000;9068.000000;5050.000000;0.000000;195269.000000;8651.000000;1.000000;13.620134
28.000000;9068.000000;7097.000000;0.000000;205675.000000;8651.000000;1.000000;14.149088
29.000000;9068.000000;6530.000000;0.000000;239894.000000;8651.000000;1.000000;14.676974
30.000000;9068.000000;5975.000000;0.000000;161198.000000;8651.000000;1.000000;15.189282
31.000000;9068.000000;6379.000000;0.000000;175263.000000;8651.000000;1.000000;15.716517
32.000000;9068.000000;7031.000000;0.000000;268842.000000;8651.000000;1.000000;16.239676
33.000000;9068.000000;5111.000000;0.000000;294136.000000;8651.000000;1.000000;16.759527
34.000000;9068.000000;6245.000000;0.000000;179723.000000;8651.000000;1.000000;17.276371
35.000000;9068.000000;5891.000000;0.000000;216083.000000;8651.000000;1.000000;17.794266
36.000000;9068.000000;6661.000000;0.000000;292852.000000;8651.000000;1.000000;18.312952
37.000000;9068.000000;5649.000000;0.000000;306588.000000;8651.000000;1.000000;18.823151
38.000000;9068.000000;4755.000000;0.000000;292919.000000;8651.000000;1.000000;19.334328
39.000000;9068.000000;6749.000000;0.000000;206012.000000;8651.000000;1.000000;19.849918
40.000000;9068.000000;6232.000000;0.000000;199057.000000;8651.000000;1.000000;20.436966
41.000000;9068.000000;5975.000000;0.000000;242250.000000;8651.000000;1.000000;21.032728
42.000000;9068.000000;6953.000000;0.000000;227486.000000;8651.000000;1.000000;21.640253
43.000000;9068.000000;6803.000000;0.000000;296063.000000;8651.000000;1.000000;22.232969
44.000000;9068.000000;5599.000000;0.000000;249246.000000;8651.000000;1.000000;22.820265
45.000000;9068.000000;5856.000000;0.000000;155648.000000;8651.000000;1.000000;23.410954
46.000000;9068.000000;6837.000000;0.000000;257228.000000;8651.000000;1.000000;24.005846
47.000000;9068.000000;6143.000000;0.000000;301376.000000;8651.000000;1.000000;24.626612
48.000000;9068.000000;5969.000000;0.000000;352233.000000;8651.000000;1.000000;25.229347
49.000000;9068.000000;6610.000000;0.000000;214921.000000;8651.000000;1.000000;25.824175
50.000000;9068.000000;6298.000000;0.000000;230489.000000;8651.000000;1.000000;26.414858
51.000000;9068.000000;5165.000000;0.000000;321902.000000;8651.000000;1.000000;27.004854
52.000000;9068.000000;5610.000000;0.000000;181269.000000;8651.000000;1.000000;27.589920
53.000000;9068.000000;5996.000000;0.000000;205930.000000;8651.000000;1.000000;28.181366
54.000000;9068.000000;6352.000000;0.000000;228059.000000;8651.000000;1.000000;28.777102
55.000000;9068.000000;6131.000000;0.000000;303656.000000;8651.000000;1.000000;29.372917
56.000000;9068.000000;6227.000000;0.000000;187133.000000;8651.000000;1.000000;29.971359
57.000000;9068.000000;5999.000000;0.000000;279382.000000;8651.000000;1.000000;30.564587
58.000000;9068.000000;6359.000000;0.000000;233018.000000;8651.000000;1.000000;31.180420
59.000000;9068.000000;5911.000000;0.000000;254698.000000;8651.000000;1.000000;31.773430
60.000000;9068.000000;6461.000000;0.000000;188454.000000;9014.000000;1.000000;32.526955
61.000000;9068.000000;5115.000000;0.000000;256628.000000;9014.000000;1.000000;33.285343
62.000000;9068.000000;5627.000000;0.000000;268190.000000;9014.000000;1.000000;34.109596
63.000000;9068.000000;5784.000000;0.000000;309585.000000;9014.000000;1.000000;34.895287
64.000000;9068.000000;6001.000000;0.000000;187976.000000;9014.000000;1.000000;35.646290
65.000000;9068.000000;5793.000000;0.000000;300206.000000;9014.000000;1.000000;36.445911
66.000000;9068.000000;7071.000000;0.000000;213128.000000;9014.000000;1.000000;37.254185
67.000000;9068.000000;6971.000000;0.000000;196018.000000;9014.000000;1.000000;38.018066
68.000000;9068.000000;6753.000000;0.000000;254299.000000;9014.000000;1.000000;38.774590
69.000000;9068.000000;6893.000000;0.000000;272546.000000;9014.000000;1.000000;39.535336
70.000000;9068.000000;6386.000000;0.000000;158736.000000;9014.000000;1.000000;40.292336
71.000000;9068.000000;5728.000000;0.000000;240680.000000;9014.000000;1.000000;41.055954
72.000000;9068.000000;5579.000000;0.000000;188707.000000;9014.000000;1.000000;41.819733
73.000000;9068.000000;6792.000000;0.000000;193754.000000;9014.000000;1.000000;42.580788
74.000000;9068.000000;6828.000000;0.000000;242029.000000;9014.000000;1.000000;43.342606
75.000000;9068.000000;6443.000000;0.000000;254860.000000;9014.000000;1.000000;44.095398
76.000000;9068.000000;5931.000000;0.000000;254513.000000;9014.000000;1.000000;44.888092
77.000000;9068.000000;5290.000000;0.000000;290851.000000;9014.000000;1.000000;45.649799
78.000000;9068.000000;5262.000000;0.000000;329393.000000;9014.000000;1.000000;46.418892
79.000000;9068.000000;5148.000000;0.000000;198698.000000;9014.000000;1.000000;47.177086
80.000000;9181.000000;6031.000000;0.000000;296490.000000;9181.000000;1.000000;48.260559
81.000000;9181.000000;7778.000000;0.000000;174330.000000;9262.000000;0.000000;49.357368
82.000000;9181.000000;5710.000000;0.000000;268925.000000;9000.000000;1.000000;50.445850
83.000000;9181.000000;6820.000000;0.000000;281364.000000;8764.000000;1.000000;51.541782
84.000000;9181.000000;7101.000000;0.000000;259229.000000;8764.000000;1.000000;52.629726
85.000000;9181.000000;8135.000000;0.000000;118990.000000;8764.000000;1.000000;53.714760
86.000000;9181.000000;7526.000000;0.000000;255703.000000;8764.000000;1.000000;54.840546
87.000000;9181.000000;6960.000000;0.000000;304839.000000;8764.000000;1.000000;55.924854
88.000000;9181.000000;7476.000000;0.000000;191954.000000;8764.000000;1.000000;57.000916
89.000000;9181.000000;7510.000000;0.000000;241790.000000;8764.000000;1.000000;58.146824
90.000000;9181.000000;8078.000000;0.000000;248206.000000;8764.000000;1.000000;59.264599
91.000000;9181.000000;7277.000000;0.000000;160826.000000;8764.000000;1.000000;60.347210
92.000000;9181.000000;7807.000000;0.000000;279576.000000;8764.000000;1.000000;61.430634
93.000000;9181.000000;6538.000000;0.000000;267375.000000;8764.000000;1.000000;62.515305
94.000000;9181.000000;6878.000000;0.000000;226368.000000;8764.000000;1.000000;63.592419
95.000000;9181.000000;6334.000000;0.000000;268961.000000;8764.000000;1.000000;64.678993
96.000000;9181.000000;9471.000000;0.000000;187045.000000;8764.000000;1.000000;65.767303
97.000000;9181.000000;7978.000000;0.000000;327729.000000;8764.000000;1.000000;66.850525
98.000000;9181.000000;5916.000000;0.000000;346706.000000;8764.000000;1.000000;67.934639
99.000000;9181.000000;6765.000000;0.000000;280850.000000;8764.000000;1.000000;69.021614
100.000000;9181.000000;6960.000000;0.000000;142788.000000;8764.000000;1.000000;70.263031
101.000000;9181.000000;7209.000000;0.000000;218361.000000;8764.000000;0.000000;71.517693
102.000000;9181.000000;5788.000000;0.000000;236977.000000;8764.000000;1.000000;72.755951
103.000000;9181.000000;7264.000000;0.000000;89049.000000;8764.000000;1.000000;73.991821
104.000000;9181.000000;6295.000000;0.000000;286637.000000;8764.000000;1.000000;75.262695
105.000000;9181.000000;6823.000000;0.000000;265669.000000;8764.000000;1.000000;76.505379
106.000000;9181.000000;6985.000000;0.000000;202907.000000;8764.000000;0.000000;77.750565
107.000000;9181.000000;6632.000000;0.000000;271376.000000;8764.000000;1.000000;78.994247
108.000000;9181.000000;7321.000000;0.000000;258532.000000;8764.000000;1.000000;80.241074
109.000000;9181.000000;6012.000000;0.000000;169703.000000;8764.000000;0.000000;81.481110
110.000000;9181.000000;8910.000000;0.000000;137007.000000;8764.000000;1.000000;82.727333
111.000000;9181.000000;7794.000000;0.000000;216115.000000;8764.000000;1.000000;83.982132
112.000000;9181.000000;6536.000000;0.000000;127828.000000;8764.000000;0.000000;85.257950
113.000000;9181.000000;6301.000000;0.000000;165949.000000;8764.000000;1.000000;86.523720
114.000000;9181.000000;6858.000000;0.000000;162873.000000;8764.000000;1.000000;87.770363
115.000000;9181.000000;6556.000000;0.000000;294666.000000;8764.000000;1.000000;89.008759
116.000000;9181.000000;7486.000000;0.000000;284396.000000;8764.000000;1.000000;90.249046
117.000000;9181.000000;6274.000000;0.000000;234294.000000;8764.000000;0.000000;91.518913
118.000000;9181.000000;7107.000000;0.000000;200243.000000;8764.000000;0.000000;92.762947
119.000000;9181.000000;7203.000000;0.000000;190258.000000;8764.000000;1.000000;94.004326
120.000000;9181.000000;7055.000000;0.000000;186801.000000;8764.000000;0.000000;95.273865
121.000000;9181.000000;6635.000000;0.000000;214029.000000;8764.000000;1.000000;96.530754
122.000000;9181.000000;7582.000000;0.000000;181702.000000;8764.000000;1.000000;97.770470
123.000000;9181.000000;6913.000000;0.000000;175850.000000;8764.000000;1.000000;99.006104
124.000000;9181.000000;6518.000000;0.000000;147850.000000;8764.000000;0.000000;100.246620
125.000000;9181.000000;6735.000000;0.000000;195811.000000;8764.000000;1.000000;101.491180
126.000000;9181.000000;6764.000000;0.000000;271879.000000;8764.000000;1.000000;102.730827
127.000000;9181.000000;7166.000000;0.000000;235804.000000;8764.000000;1.000000;103.971504
128.000000;9181.000000;6915.000000;0.000000;306095.000000;8764.000000;1.000000;105.245171
129.000000;9181.000000;6892.000000;0.000000;246891.000000;8764.000000;1.000000;106.490875
130.000000;9181.000000;6260.000000;0.000000;244624.000000;8764.000000;1.000000;107.738022
131.000000;9181.000000;7570.000000;0.000000;256426.000000;8764.000000;1.000000;108.983398
132.000000;9181.000000;6404.000000;0.000000;336675.000000;8764.000000;1.000000;110.247017
133.000000;9181.000000;8191.000000;0.000000;182740.000000;8764.000000;0.000000;111.488297
134.000000;9181.000000;6951.000000;0.000000;305820.000000;8764.000000;1.000000;112.735344
135.000000;9181.000000;7799.000000;0.000000;267072.000000;8764.000000;0.000000;113.974792
136.000000;9181.000000;6850.000000;0.000000;210948.000000;8764.000000;1.000000;115.253166
137.000000;9181.000000;6500.000000;0.000000;258884.000000;8764.000000;0.000000;116.497620
138.000000;9181.000000;6292.000000;0.000000;261965.000000;8764.000000;0.000000;117.744255
139.000000;9181.000000;7113.000000;0.000000;230315.000000;8764.000000;1.000000;119.005836
140.000000;9181.000000;5955.000000;0.000000;190233.000000;8764.000000;0.000000;120.251244
141.000000;9181.000000;6908.000000;0.000000;292118.000000;8764.000000;1.000000;121.501358
142.000000;9181.000000;6301.000000;0.000000;243152.000000;8764.000000;0.000000;122.746918
143.000000;9181.000000;6736.000000;0.000000;228057.000000;8764.000000;0.000000;123.988747
144.000000;9181.000000;6719.000000;0.000000;287852.000000;8764.000000;0.000000;125.254761
145.000000;9181.000000;7532.000000;0.000000;165643.000000;8764.000000;0.000000;126.504395
146.000000;9181.000000;5833.000000;0.000000;238281.000000;8764.000000;0.000000;127.751472
147.000000;9181.000000;6732.000000;0.000000;279107.000000;8764.000000;1.000000;128.993484
148.000000;9181.000000;6440.000000;0.000000;315131.000000;8764.000000;1.000000;130.235489
149.000000;9181.000000;6649.000000;0.000000;261547.000000;8764.000000;0.000000;131.475891
150.000000;9181.000000;6099.000000;0.000000;191481.000000;8764.000000;1.000000;132.719818
151.000000;9181.000000;8184.000000;0.000000;196778.000000;8764.000000;0.000000;133.962143
152.000000;9181.000000;6744.000000;0.000000;203995.000000;8764.000000;1.000000;135.246185
153.000000;9181.000000;7558.000000;0.000000;289969.000000;8764.000000;1.000000;136.484329
154.000000;9181.000000;6866.000000;0.000000;167397.000000;8764.000000;0.000000;137.731873
155.000000;9181.000000;7379.000000;0.000000;226939.000000;8764.000000;0.000000;138.973282
156.000000;9181.000000;8734.000000;0.000000;178960.000000;8764.000000;0.000000;140.218384
157.000000;9181.000000;8048.000000;0.000000;149410.000000;8764.000000;1.000000;141.464355
158.000000;9181.000000;8669.000000;0.000000;151697.000000;8764.000000;0.000000;142.707901
159.000000;9181.000000;7891.000000;0.000000;136519.000000;8764.000000;1.000000;144.039841
160.000000;9181.000000;7457.000000;0.000000;205504.000000;8764.000000;1.000000;145.318695
161.000000;9181.000000;6597.000000;0.000000;178912.000000;8764.000000;1.000000;146.561554
162.000000;9181.000000;6766.000000;0.000000;185454.000000;8764.000000;0.000000;147.804810
163.000000;9181.000000;6557.000000;0.000000;229496.000000;8764.000000;0.000000;149.070709
164.000000;9181.000000;7500.000000;0.000000;250245.000000;8764.000000;1.000000;150.312851
165.000000;9181.000000;7606.000000;0.000000;209481.000000;8764.000000;1.000000;151.550720
166.000000;9181.000000;6693.000000;0.000000;270855.000000;8764.000000;0.000000;152.800125
167.000000;9181.000000;7869.000000;0.000000;158388.000000;8764.000000;0.000000;154.043320
168.000000;9181.000000;7856.000000;0.000000;150414.000000;8764.000000;0.000000;155.294449
169.000000;9181.000000;8429.000000;0.000000;216814.000000;8764.000000;1.000000;156.538879
170.000000;9181.000000;7774.000000;0.000000;101681.000000;8764.000000;1.000000;157.779053
171.000000;9181.000000;7883.000000;0.000000;166674.000000;8764.000000;1.000000;159.025192
172.000000;9181.000000;6804.000000;0.000000;147218.000000;8764.000000;1.000000;160.263275
173.000000;9181.000000;7888.000000;0.000000;198784.000000;8764.000000;1.000000;161.508224
174.000000;9181.000000;6062.000000;0.000000;359179.000000;8764.000000;0.000000;162.747116
175.000000;9181.000000;7459.000000;0.000000;213579.000000;8764.000000;1.000000;163.980728
176.000000;9181.000000;6907.000000;0.000000;222329.000000;8764.000000;1.000000;165.236008
177.000000;9181.000000;7722.000000;0.000000;174146.000000;8764.000000;1.000000;166.479309
178.000000;9181.000000;5799.000000;0.000000;292024.000000;8764.000000;1.000000;167.722610
179.000000;9181.000000;7633.000000;0.000000;119047.000000;8764.000000;0.000000;168.967621
180.000000;9181.000000;8628.000000;0.000000;214612.000000;8764.000000;0.000000;170.235397
181.000000;9181.000000;7188.000000;0.000000;120321.000000;8764.000000;1.000000;171.497208
182.000000;9181.000000;6640.000000;0.000000;113652.000000;8764.000000;0.000000;172.744629
183.000000;9181.000000;6444.000000;0.000000;239819.000000;8764.000000;0.000000;173.995987
184.000000;9181.000000;7663.000000;0.000000;180421.000000;8764.000000;0.000000;175.248947
185.000000;9181.000000;7502.000000;0.000000;247411.000000;8764.000000;0.000000;176.494064
186.000000;9181.000000;8312.000000;0.000000;133763.000000;8764.000000;1.000000;177.739716
187.000000;9181.000000;7960.000000;0.000000;215658.000000;8764.000000;1.000000;178.980087
188.000000;9181.000000;7027.000000;0.000000;337085.000000;8764.000000;0.000000;180.225739
189.000000;9181.000000;7164.000000;0.000000;215227.000000;8764.000000;1.000000;181.468811
190.000000;9181.000000;7788.000000;0.000000;99188.000000;8764.000000;0.000000;182.719437
191.000000;9181.000000;6783.000000;0.000000;246824.000000;8764.000000;0.000000;183.960541
192.000000;9181.000000;7026.000000;0.000000;326730.000000;8764.000000;1.000000;185.197144
193.000000;9181.000000;7099.000000;0.000000;215522.000000;8764.000000;1.000000;186.451736
194.000000;9181.000000;7746.000000;0.000000;183600.000000;8764.000000;1.000000;187.694077
195.000000;9181.000000;7145.000000;0.000000;168967.000000;8764.000000;0.000000;188.967789
196.000000;9181.000000;7622.000000;0.000000;314294.000000;8764.000000;0.000000;190.212723
197.000000;9181.000000;7204.000000;0.000000;150173.000000;8764.000000;1.000000;191.456329
198.000000;9181.000000;6556.000000;0.000000;220309.000000;8764.000000;0.000000;192.697601
199.000000;9181.000000;7334.000000;0.000000;184230.000000;8764.000000;1.000000;193.944412
200.000000;9181.000000;6389.000000;0.000000;178047.000000;8764.000000;0.000000;195.181351
201.000000;9181.000000;7678.000000;0.000000;167338.000000;8764.000000;0.000000;196.454010
202.000000;9181.000000;8665.000000;0.000000;150017.000000;8764.000000;0.000000;197.692154
203.000000;9181.000000;7295.000000;0.000000;234852.000000;8764.000000;1.000000;198.939636
204.000000;9181.000000;7692.000000;0.000000;198706.000000;8764.000000;0.000000;200.179276
205.000000;9181.000000;8365.000000;0.000000;152266.000000;8764.000000;0.000000;201.430099
206.000000;9181.000000;7456.000000;0.000000;312167.000000;8764.000000;0.000000;202.676727
207.000000;9181.000000;8820.000000;0.000000;148504.000000;8764.000000;1.000000;203.943100
208.000000;9181.000000;7759.000000;0.000000;172420.000000;8764.000000;1.000000;205.184982
209.000000;9181.000000;6989.000000;0.000000;265671.000000;8764.000000;1.000000;206.448624
210.000000;9181.000000;6887.000000;0.000000;284409.000000;8764.000000;1.000000;207.690338
211.000000;9181.000000;7430.000000;0.000000;200853.000000;8764.000000;1.000000;208.936371
212.000000;9181.000000;5961.000000;0.000000;221601.000000;8764.000000;1.000000;210.179031
213.000000;9181.000000;8487.000000;0.000000;118556.000000;8764.000000;0.000000;211.426315
214.000000;9181.000000;8830.000000;0.000000;208203.000000;8764.000000;0.000000;212.667633
215.000000;9181.000000;7712.000000;0.000000;363529.000000;8764.000000;0.000000;213.911133
216.000000;9181.000000;6872.000000;0.000000;276718.000000;8764.000000;0.000000;215.152100
217.000000;9181.000000;6959.000000;0.000000;285299.000000;8764.000000;0.000000;216.421326
218.000000;9181.000000;6524.000000;0.000000;137033.000000;8764.000000;0.000000;217.669418
219.000000;9181.000000;7095.000000;0.000000;238359.000000;8764.000000;0.000000;218.918365
220.000000;9181.000000;6663.000000;0.000000;133932.000000;8764.000000;1.000000;220.158173
221.000000;9181.000000;6907.000000;0.000000;139900.000000;8764.000000;1.000000;221.408234
222.000000;9181.000000;6514.000000;0.000000;228740.000000;8764.000000;1.000000;222.648453
223.000000;9181.000000;6085.000000;0.000000;263128.000000;8764.000000;1.000000;223.891205
224.000000;9181.000000;7013.000000;0.000000;279519.000000;8764.000000;0.000000;225.135574
225.000000;9181.000000;7514.000000;0.000000;235717.000000;8764.000000;0.000000;226.409164
226.000000;9181.000000;7700.000000;0.000000;165690.000000;8764.000000;0.000000;227.655533
227.000000;9181.000000;7266.000000;0.000000;185223.000000;8764.000000;0.000000;228.883942
228.000000;9181.000000;6462.000000;0.000000;205083.000000;8764.000000;1.000000;230.121597
229.000000;9181.000000;6837.000000;0.000000;278324.000000;8764.000000;1.000000;231.400986
230.000000;9181.000000;6529.000000;0.000000;222542.000000;8764.000000;1.000000;232.668503
231.000000;9181.000000;6959.000000;0.000000;212360.000000;8764.000000;1.000000;233.903458
232.000000;9181.000000;7051.000000;0.000000;193299.000000;8764.000000;0.000000;235.145859
233.000000;9181.000000;6297.000000;0.000000;259884.000000;8764.000000;1.000000;236.404434
234.000000;9181.000000;6292.000000;0.000000;230624.000000;8764.000000;0.000000;237.667175
235.000000;9181.000000;6872.000000;0.000000;228487.000000;8764.000000;0.000000;238.932098
236.000000;9181.000000;8283.000000;0.000000;198805.000000;8764.000000;1.000000;240.176285
237.000000;9181.000000;7316.000000;0.000000;299090.000000;8764.000000;1.000000;241.414215
238.000000;9181.000000;7920.000000;0.000000;275790.000000;8764.000000;0.000000;242.647263
239.000000;9181.000000;5738.000000;0.000000;340236.000000;8764.000000;0.000000;243.883652
240.000000;9181.000000;7272.000000;0.000000;229682.000000;8764.000000;1.000000;245.118286
241.000000;9181.000000;7034.000000;0.000000;272983.000000;8764.000000;0.000000;246.381592
242.000000;9181.000000;6526.000000;0.000000;272500.000000;8764.000000;0.000000;247.619202
243.000000;9181.000000;6708.000000;0.000000;246865.000000;8764.000000;0.000000;248.867630
244.000000;9181.000000;6847.000000;0.000000;245468.000000;8764.000000;1.000000;250.119171
245.000000;9181.000000;8536.000000;0.000000;284250.000000;8764.000000;0.000000;251.355789
246.000000;9181.000000;6146.000000;0.000000;153517.000000;8764.000000;1.000000;252.599167
247.000000;9181.000000;7384.000000;0.000000;262354.000000;8764.000000;1.000000;253.845093
248.000000;9181.000000;6514.000000;0.000000;213832.000000;8764.000000;1.000000;255.087402
249.000000;9181.000000;7209.000000;0.000000;234735.000000;8764.000000;1.000000;256.353058
250.000000;9181.000000;7107.000000;0.000000;314922.000000;8764.000000;0.000000;257.591705
251.000000;9181.000000;7554.000000;0.000000;167028.000000;8764.000000;0.000000;258.838348
252.000000;9181.000000;7718.000000;0.000000;216444.000000;8764.000000;1.000000;260.085815
253.000000;9181.000000;7110.000000;0.000000;302406.000000;8764.000000;0.000000;261.325256
254.000000;9181.000000;7766.000000;0.000000;183418.000000;8764.000000;1.000000;262.563965
255.000000;9181.000000;7201.000000;0.000000;242358.000000;8764.000000;0.000000;263.883209
256.000000;9181.000000;7918.000000;0.000000;247696.000000;8764.000000;0.000000;265.129303
257.000000;9181.000000;7624.000000;0.000000;184893.000000;8764.000000;1.000000;266.377869
258.000000;9181.000000;6407.000000;0.000000;322061.000000;8764.000000;1.000000;267.615265
259.000000;9181.000000;6913.000000;0.000000;318375.000000;8764.000000;1.000000;268.854309
260.000000;9181.000000;7115.000000;0.000000;360978.000000;8764.000000;1.000000;270.090118
261.000000;9181.000000;7340.000000;0.000000;323889.000000;8764.000000;1.000000;271.342499
262.000000;9181.000000;8096.000000;0.000000;187341.000000;8764.000000;1.000000;272.580963
263.000000;9181.000000;7238.000000;0.000000;229821.000000;8764.000000;0.000000;273.816345
264.000000;9181.000000;7829.000000;0.000000;282808.000000;8764.000000;1.000000;275.047180
265.000000;9181.000000;7724.000000;0.000000;193761.000000;8764.000000;1.000000;276.295959
266.000000;9181.000000;6433.000000;0.000000;308609.000000;8764.000000;0.000000;277.530060
267.000000;9181.000000;6136.000000;0.000000;187337.000000;8764.000000;1.000000;278.768066
268.000000;9181.000000;7915.000000;0.000000;202096.000000;8764.000000;0.000000;280.014160
269.000000;9181.000000;7587.000000;0.000000;184893.000000;8764.000000;0.000000;281.322632
270.000000;9181.000000;6684.000000;0.000000;228576.000000;8764.000000;0.000000;282.575073
271.000000;9181.000000;7404.000000;0.000000;219311.000000;8764.000000;1.000000;283.811890
272.000000;9181.000000;6881.000000;0.000000;190341.000000;8764.000000;0.000000;285.058350
273.000000;9181.000000;7657.000000;0.000000;177652.000000;8764.000000;1.000000;286.323578
274.000000;9181.000000;7751.000000;0.000000;150335.000000;8764.000000;0.000000;287.557373
275.000000;9181.000000;7697.000000;0.000000;181123.000000;8764.000000;0.000000;288.801697
276.000000;9181.000000;7431.000000;0.000000;228046.000000;8764.000000;0.000000;290.072266
277.000000;9181.000000;7123.000000;0.000000;264528.000000;8764.000000;0.000000;291.334198
278.000000;9181.000000;7130.000000;0.000000;364426.000000;8764.000000;1.000000;292.591034
279.000000;9181.000000;6727.000000;0.000000;174881.000000;8764.000000;0.000000;293.837860
280.000000;9181.000000;6616.000000;0.000000;289383.000000;8764.000000;0.000000;295.079895
281.000000;9181.000000;7202.000000;0.000000;182547.000000;8764.000000;1.000000;296.348175
282.000000;9181.000000;7867.000000;0.000000;177799.000000;8764.000000;0.000000;297.592499
283.000000;9181.000000;6752.000000;0.000000;322985.000000;8764.000000;0.000000;298.851746
284.000000;9181.000000;7005.000000;0.000000;218948.000000;8764.000000;0.000000;300.098969
285.000000;9181.000000;6901.000000;0.000000;198053.000000;8764.000000;1.000000;301.348114
286.000000;9181.000000;6936.000000;0.000000;227900.000000;8764.000000;0.000000;302.595245
287.000000;9181.000000;6609.000000;0.000000;270375.000000;8764.000000;0.000000;303.840790
288.000000;9181.000000;6474.000000;0.000000;269108.000000;8764.000000;1.000000;305.078125
289.000000;9181.000000;6764.000000;0.000000;190401.000000;8764.000000;1.000000;306.351715
290.000000;9181.000000;8185.000000;0.000000;197976.000000;8764.000000;1.000000;307.596039
291.000000;9181.000000;7883.000000;0.000000;210340.000000;8764.000000;1.000000;308.836792
292.000000;9181.000000;7234.000000;0.000000;165288.000000;8764.000000;0.000000;310.075653
293.000000;9181.000000;8757.000000;0.000000;252312.000000;8764.000000;0.000000;311.318054
294.000000;9181.000000;6184.000000;0.000000;196180.000000;8764.000000;1.000000;312.557953
295.000000;9181.000000;6344.000000;0.000000;204460.000000;8764.000000;0.000000;313.801971
296.000000;9181.000000;6778.000000;0.000000;287754.000000;8764.000000;1.000000;315.040680
297.000000;9181.000000;7087.000000;0.000000;221240.000000;8764.000000;0.000000;316.301453
298.000000;9181.000000;8642.000000;0.000000;181932.000000;8764.000000;0.000000;317.539459
299.000000;9181.000000;7984.000000;0.000000;151789.000000;8764.000000;1.000000;318.856049
300.000000;9181.000000;6680.000000;0.000000;321269.000000;8764.000000;1.000000;320.098114
301.000000;9181.000000;6637.000000;0.000000;256228.000000;8764.000000;1.000000;321.349884
302.000000;9181.000000;6585.000000;0.000000;286621.000000;8764.000000;1.000000;322.591797
303.000000;9181.000000;7258.000000;0.000000;185789.000000;8764.000000;0.000000;323.923950
304.000000;9181.000000;6877.000000;0.000000;306504.000000;8764.000000;1.000000;325.231689
305.000000;9181.000000;7787.000000;0.000000;265503.000000;8764.000000;0.000000;326.531677
306.000000;9181.000000;6922.000000;0.000000;218486.000000;8764.000000;0.000000;327.773285
307.000000;9181.000000;8127.000000;0.000000;267034.000000;8764.000000;1.000000;329.014587
308.000000;9181.000000;7351.000000;0.000000;175718.000000;8764.000000;1.000000;330.257202
309.000000;9181.000000;6478.000000;0.000000;226091.000000;8764.000000;0.000000;331.496033
310.000000;9181.000000;7773.000000;0.000000;185034.000000;8764.000000;1.000000;332.738312
311.000000;9181.000000;8416.000000;0.000000;212527.000000;8764.000000;0.000000;333.989075
312.000000;9181.000000;8091.000000;0.000000;316914.000000;8764.000000;1.000000;335.267365
313.000000;9181.000000;7724.000000;0.000000;176668.000000;8764.000000;0.000000;336.545715
314.000000;9181.000000;7714.000000;0.000000;171025.000000;8764.000000;1.000000;337.832520
315.000000;9181.000000;7050.000000;0.000000;225136.000000;8764.000000;0.000000;339.072845
316.000000;9181.000000;7190.000000;0.000000;272626.000000;8764.000000;0.000000;340.325012
317.000000;9181.000000;8252.000000;0.000000;183886.000000;8764.000000;1.000000;341.559631
318.000000;9181.000000;7287.000000;0.000000;193198.000000;8764.000000;0.000000;342.808563
319.000000;9181.000000;7819.000000;0.000000;320139.000000;8764.000000;0.000000;344.054352
320.000000;9181.000000;7562.000000;0.000000;178696.000000;8764.000000;1.000000;345.295715
321.000000;9181.000000;7756.000000;0.000000;206853.000000;8764.000000;1.000000;346.568573
322.000000;9181.000000;7396.000000;0.000000;155023.000000;8764.000000;0.000000;347.813477
323.000000;9181.000000;6931.000000;0.000000;251837.000000;8764.000000;1.000000;349.057220
324.000000;9181.000000;6946.000000;0.000000;245182.000000;8764.000000;0.000000;350.301331
325.000000;9181.000000;6027.000000;0.000000;283604.000000;8764.000000;0.000000;351.558441
326.000000;9181.000000;7743.000000;0.000000;325178.000000;8764.000000;0.000000;352.798950
327.000000;9181.000000;6930.000000;0.000000;298786.000000;8764.000000;0.000000;354.224884
328.000000;9181.000000;8137.000000;0.000000;194406.000000;8764.000000;0.000000;355.732941
329.000000;9181.000000;7340.000000;0.000000;194060.000000;8764.000000;1.000000;357.000763
330.000000;9181.000000;6056.000000;0.000000;253444.000000;8764.000000;0.000000;358.238953
331.000000;9181.000000;7256.000000;0.000000;154802.000000;8764.000000;1.000000;359.480743
332.000000;9181.000000;6311.000000;0.000000;299932.000000;8764.000000;1.000000;360.717377
333.000000;9181.000000;6452.000000;0.000000;276391.000000;8764.000000;0.000000;361.957275
334.000000;9181.000000;6224.000000;0.000000;244934.000000;8764.000000;1.000000;363.207397
335.000000;9181.000000;8007.000000;0.000000;184691.000000;8764.000000;0.000000;364.439301
336.000000;9181.000000;7581.000000;0.000000;277260.000000;8764.000000;0.000000;365.686951
337.000000;9181.000000;6720.000000;0.000000;209294.000000;8764.000000;1.000000;366.955505
338.000000;9181.000000;7338.000000;0.000000;182478.000000;8764.000000;1.000000;368.192352
339.000000;9181.000000;7152.000000;0.000000;203816.000000;8764.000000;0.000000;369.430786
340.000000;9181.000000;7120.000000;0.000000;296953.000000;8764.000000;0.000000;370.671814
341.000000;9181.000000;7460.000000;0.000000;170947.000000;8764.000000;0.000000;371.919586
342.000000;9181.000000;6962.000000;0.000000;284436.000000;8764.000000;0.000000;373.158051
343.000000;9181.000000;7950.000000;0.000000;116986.000000;8764.000000;1.000000;374.396942
344.000000;9181.000000;7927.000000;0.000000;134425.000000;8764.000000;0.000000;375.636749
345.000000;9181.000000;7969.000000;0.000000;229057.000000;8764.000000;1.000000;376.901550
346.000000;9181.000000;6630.000000;0.000000;296722.000000;8764.000000;0.000000;378.142700
347.000000;9181.000000;7049.000000;0.000000;179231.000000;8764.000000;1.000000;379.382660
348.000000;9181.000000;6481.000000;0.000000;271949.000000;8764.000000;1.000000;380.623962
349.000000;9181.000000;8108.000000;0.000000;154604.000000;8764.000000;0.000000;381.863251
350.000000;9181.000000;8345.000000;0.000000;184077.000000;8764.000000;0.000000;383.106079
351.000000;9181.000000;6245.000000;0.000000;177461.000000;8764.000000;1.000000;384.413696
352.000000;9181.000000;7233.000000;0.000000;175376.000000;8764.000000;0.000000;385.660828
353.000000;9181.000000;7262.000000;0.000000;223945.000000;8764.000000;0.000000;386.930756
354.000000;9181.000000;7138.000000;0.000000;206629.000000;8764.000000;1.000000;388.173950
355.000000;9181.000000;6406.000000;0.000000;207087.000000;8764.000000;1.000000;389.416565
356.000000;9181.000000;6406.000000;0.000000;208422.000000;8764.000000;0.000000;390.656189
357.000000;9181.000000;6551.000000;0.000000;238045.000000;8764.000000;1.000000;391.957031
358.000000;9181.000000;6598.000000;0.000000;254851.000000;8764.000000;1.000000;393.238190
359.000000;9181.000000;6447.000000;0.000000;292033.000000;8764.000000;0.000000;394.499481
360.000000;9181.000000;7459.000000;0.000000;277440.000000;8764.000000;0.000000;395.774048
361.000000;9181.000000;8173.000000;0.000000;222487.000000;8764.000000;0.000000;397.051727
362.000000;9181.000000;6266.000000;0.000000;237906.000000;8764.000000;0.000000;398.294769
363.000000;9181.000000;8127.000000;0.000000;173304.000000;8764.000000;1.000000;399.540222
364.000000;9181.000000;6915.000000;0.000000;278153.000000;8764.000000;0.000000;400.779907
365.000000;9181.000000;7359.000000;0.000000;134571.000000;8764.000000;1.000000;402.025574
366.000000;9181.000000;6573.000000;0.000000;248590.000000;8764.000000;1.000000;403.262268
367.000000;9181.000000;7545.000000;0.000000;267671.000000;8764.000000;0.000000;404.501831
368.000000;9181.000000;6800.000000;0.000000;217544.000000;8764.000000;0.000000;405.736481
369.000000;9181.000000;6226.000000;0.000000;272906.000000;8764.000000;1.000000;407.005920
370.000000;9181.000000;6901.000000;0.000000;220829.000000;8764.000000;1.000000;408.243713
371.000000;9181.000000;7575.000000;0.000000;135231.000000;8764.000000;1.000000;409.481873
372.000000;9181.000000;6272.000000;0.000000;247272.000000;8764.000000;1.000000;410.737976
373.000000;9181.000000;6997.000000;0.000000;193984.000000;8764.000000;1.000000;412.005951
374.000000;9181.000000;6726.000000;0.000000;238156.000000;8764.000000;0.000000;413.254578
375.000000;9181.000000;6805.000000;0.000000;237455.000000;8764.000000;0.000000;414.501953
376.000000;9181.000000;6865.000000;0.000000;262545.000000;8764.000000;1.000000;415.746735
377.000000;9181.000000;7657.000000;0.000000;255342.000000;8764.000000;0.000000;417.006317
378.000000;9181.000000;8668.000000;0.000000;152660.000000;8764.000000;1.000000;418.247559
379.000000;9181.000000;6401.000000;0.000000;226730.000000;8764.000000;0.000000;419.490662
380.000000;9181.000000;8056.000000;0.000000;197267.000000;8764.000000;0.000000;420.731476
381.000000;9181.000000;6277.000000;0.000000;238039.000000;8764.000000;0.000000;421.979340
382.000000;9181.000000;6946.000000;0.000000;198414.000000;8764.000000;1.000000;423.221924
383.000000;9181.000000;6488.000000;0.000000;264595.000000;8764.000000;1.000000;424.474243
384.000000;9181.000000;7031.000000;0.000000;179519.000000;8764.000000;1.000000;425.712830
385.000000;9181.000000;6627.000000;0.000000;258963.000000;8764.000000;0.000000;426.988495
386.000000;9181.000000;8138.000000;0.000000;211198.000000;8764.000000;0.000000;428.230743
387.000000;9181.000000;7048.000000;0.000000;299290.000000;8764.000000;0.000000;429.463837
388.000000;9181.000000;6628.000000;0.000000;185866.000000;8764.000000;1.000000;430.845917
389.000000;9181.000000;7008.000000;0.000000;316328.000000;8764.000000;0.000000;432.076538
390.000000;9181.000000;7149.000000;0.000000;238530.000000;8764.000000;1.000000;433.328339
391.000000;9181.000000;7052.000000;0.000000;229244.000000;8764.000000;0.000000;434.577301
392.000000;9181.000000;8745.000000;0.000000;136678.000000;8764.000000;1.000000;435.817261
393.000000;9181.000000;7500.000000;0.000000;233665.000000;8764.000000;0.000000;437.079437
394.000000;9181.000000;6280.000000;0.000000;198941.000000;8764.000000;1.000000;438.321350
395.000000;9181.000000;6937.000000;0.000000;227374.000000;8764.000000;1.000000;439.559418
396.000000;9181.000000;6806.000000;0.000000;253125.000000;8764.000000;1.000000;440.803589
397.000000;9181.000000;6997.000000;0.000000;213239.000000;8764.000000;0.000000;442.055725
398.000000;9181.000000;6370.000000;0.000000;311786.000000;8764.000000;1.000000;443.297424
399.000000;9181.000000;6197.000000;0.000000;303544.000000;8764.000000;1.000000;444.633667
400.000000;9181.000000;6850.000000;0.000000;213212.000000;8764.000000;1.000000;445.880188
401.000000;9181.000000;7618.000000;0.000000;196949.000000;8764.000000;1.000000;447.164734
402.000000;9181.000000;7219.000000;0.000000;227651.000000;8764.000000;0.000000;448.454346
403.000000;9181.000000;6236.000000;0.000000;203538.000000;8764.000000;0.000000;449.700928
404.000000;9181.000000;8183.000000;0.000000;169939.000000;8764.000000;1.000000;450.932495
405.000000;9181.000000;6832.000000;0.000000;266087.000000;8764.000000;1.000000;452.172943
406.000000;9181.000000;6976.000000;0.000000;281693.000000;8764.000000;1.000000;453.421295
407.000000;9181.000000;7010.000000;0.000000;134403.000000;8764.000000;1.000000;454.662872
408.000000;9181.000000;7300.000000;0.000000;196646.000000;8764.000000;1.000000;455.906494
409.000000;9181.000000;6972.000000;0.000000;106558.000000;8764.000000;0.000000;457.171387
410.000000;9181.000000;6968.000000;0.000000;285314.000000;8764.000000;0.000000;458.420013
411.000000;9181.000000;6807.000000;0.000000;331170.000000;8764.000000;0.000000;459.659332
412.000000;9181.000000;7064.000000;0.000000;320235.000000;8764.000000;0.000000;460.894714
413.000000;9181.000000;7809.000000;0.000000;280408.000000;8764.000000;1.000000;462.142059
414.000000;9181.000000;9141.000000;0.000000;153168.000000;8764.000000;1.000000;463.383636
415.000000;9181.000000;8079.000000;0.000000;187018.000000;8764.000000;0.000000;464.621979
416.000000;9181.000000;7019.000000;0.000000;208725.000000;8764.000000;1.000000;465.866119
417.000000;9181.000000;6459.000000;0.000000;248552.000000;8764.000000;0.000000;467.148499
418.000000;9181.000000;6055.000000;0.000000;147029.000000;8764.000000;0.000000;468.391724
419.000000;9181.000000;6528.000000;0.000000;240927.000000;8764.000000;0.000000;469.639679
420.000000;9181.000000;5990.000000;0.000000;251189.000000;8764.000000;0.000000;470.886292
421.000000;9181.000000;8986.000000;0.000000;104904.000000;8764.000000;0.000000;472.139465
422.000000;9181.000000;6474.000000;0.000000;227915.000000;8764.000000;1.000000;473.379639
423.000000;9181.000000;7399.000000;0.000000;200704.000000;8764.000000;0.000000;474.623413
424.000000;9181.000000;6458.000000;0.000000;242245.000000;8764.000000;1.000000;475.864105
425.000000;9181.000000;9078.000000;0.000000;152679.000000;8764.000000;1.000000;477.134766
426.000000;9181.000000;7524.000000;0.000000;314684.000000;8764.000000;0.000000;478.381195
427.000000;9181.000000;7252.000000;0.000000;315460.000000;8764.000000;0.000000;479.622162
428.000000;9181.000000;7327.000000;0.000000;177805.000000;8764.000000;1.000000;480.867462
429.000000;9181.000000;6750.000000;0.000000;246817.000000;8764.000000;0.000000;482.108582
430.000000;9181.000000;8537.000000;0.000000;208537.000000;8764.000000;0.000000;483.360291
431.000000;9181.000000;6700.000000;0.000000;211357.000000;8764.000000;0.000000;484.601532
432.000000;9181.000000;7329.000000;0.000000;170131.000000;8764.000000;1.000000;485.845551
433.000000;9181.000000;6924.000000;0.000000;235283.000000;8764.000000;0.000000;487.113770
434.000000;9181.000000;7051.000000;0.000000;234857.000000;8764.000000;1.000000;488.356781
435.000000;9181.000000;6404.000000;0.000000;227223.000000;8764.000000;0.000000;489.605865
436.000000;9181.000000;6542.000000;0.000000;249432.000000;8764.000000;0.000000;490.844757
437.000000;9181.000000;6350.000000;0.000000;268266.000000;8764.000000;0.000000;492.088745
438.000000;9181.000000;7421.000000;0.000000;220923.000000;8764.000000;1.000000;493.330109
439.000000;9181.000000;6990.000000;0.000000;203571.000000;8764.000000;0.000000;494.566956
440.000000;9181.000000;6744.000000;0.000000;272206.000000;8764.000000;1.000000;495.808319
441.000000;9181.000000;6851.000000;0.000000;142090.000000;8764.000000;0.000000;497.080475
442.000000;9181.000000;7085.000000;0.000000;224941.000000;8764.000000;0.000000;498.319092
443.000000;9181.000000;6665.000000;0.000000;285737.000000;8764.000000;0.000000;499.561432
444.000000;9181.000000;7161.000000;0.000000;275645.000000;8764.000000;1.000000;500.802307
445.000000;9181.000000;7318.000000;0.000000;153327.000000;8764.000000;0.000000;502.046509
446.000000;9181.000000;6587.000000;0.000000;320698.000000;8764.000000;0.000000;503.289734
447.000000;9181.000000;6687.000000;0.000000;154748.000000;8764.000000;1.000000;504.619995
448.000000;9181.000000;5980.000000;0.000000;291715.000000;8764.000000;1.000000;505.863098
449.000000;9181.000000;8110.000000;0.000000;119763.000000;8764.000000;0.000000;507.134277
450.000000;9181.000000;8354.000000;0.000000;194692.000000;8764.000000;1.000000;508.371460
451.000000;9181.000000;9000.000000;0.000000;66456.000000;8764.000000;1.000000;509.608643
452.000000;9181.000000;6387.000000;0.000000;270378.000000;8764.000000;0.000000;510.844727
453.000000;9181.000000;7238.000000;0.000000;144459.000000;8764.000000;0.000000;512.089600
454.000000;9181.000000;6759.000000;0.000000;240863.000000;8764.000000;1.000000;513.336609
455.000000;9181.000000;7114.000000;0.000000;258415.000000;8764.000000;1.000000;514.576904
456.000000;9181.000000;7210.000000;0.000000;303392.000000;8764.000000;1.000000;515.817627
457.000000;9181.000000;7287.000000;0.000000;292151.000000;8764.000000;1.000000;517.079956
458.000000;9181.000000;7783.000000;0.000000;281212.000000;8764.000000;0.000000;518.319092
459.000000;9181.000000;6463.000000;0.000000;241449.000000;8764.000000;1.000000;519.559387
460.000000;9181.000000;6390.000000;0.000000;333449.000000;8764.000000;1.000000;520.800964
461.000000;9181.000000;6846.000000;0.000000;244710.000000;8764.000000;1.000000;522.056580
462.000000;9181.000000;6987.000000;0.000000;184295.000000;8764.000000;1.000000;523.297974
463.000000;9181.000000;6465.000000;0.000000;240792.000000;8764.000000;0.000000;524.540649
464.000000;9181.000000;7466.000000;0.000000;203263.000000;8764.000000;0.000000;525.793640
465.000000;9181.000000;6771.000000;0.000000;202499.000000;8764.000000;1.000000;527.050537
466.000000;9181.000000;7383.000000;0.000000;295745.000000;8764.000000;1.000000;528.311584
467.000000;9181.000000;7724.000000;0.000000;222513.000000;8764.000000;1.000000;529.552368
468.000000;9181.000000;6271.000000;0.000000;210006.000000;8764.000000;0.000000;530.821167
469.000000;9181.000000;8626.000000;0.000000;231721.000000;8764.000000;0.000000;532.167969
470.000000;9181.000000;5857.000000;0.000000;191102.000000;8764.000000;0.000000;533.411499
471.000000;9181.000000;7415.000000;0.000000;206483.000000;8764.000000;1.000000;534.659119
472.000000;9181.000000;7228.000000;0.000000;282332.000000;8764.000000;0.000000;535.906006
473.000000;9181.000000;6443.000000;0.000000;277913.000000;8764.000000;0.000000;537.178467
474.000000;9181.000000;6564.000000;0.000000;182638.000000;8764.000000;0.000000;538.421692
475.000000;9181.000000;6520.000000;0.000000;113625.000000;8764.000000;0.000000;539.671997
476.000000;9181.000000;7319.000000;0.000000;99497.000000;8764.000000;1.000000;540.917419
477.000000;9181.000000;6951.000000;0.000000;308665.000000;8764.000000;0.000000;542.151978
478.000000;9181.000000;7757.000000;0.000000;203315.000000;8764.000000;0.000000;543.388550
479.000000;9181.000000;7182.000000;0.000000;152148.000000;8764.000000;0.000000;544.627563
480.000000;9181.000000;7608.000000;0.000000;195531.000000;8764.000000;1.000000;545.865295
481.000000;9181.000000;9093.000000;0.000000;151822.000000;8764.000000;1.000000;547.167053
482.000000;9181.000000;7255.000000;0.000000;401677.000000;8764.000000;1.000000;548.546997
483.000000;9181.000000;7506.000000;0.000000;150125.000000;8764.000000;0.000000;549.895752
484.000000;9181.000000;9697.000000;0.000000;252041.000000;8764.000000;1.000000;551.241089
485.000000;9181.000000;6825.000000;0.000000;144613.000000;8764.000000;1.000000;552.585938
486.000000;9181.000000;7231.000000;0.000000;289414.000000;8764.000000;1.000000;553.931152
487.000000;9181.000000;6201.000000;0.000000;80738.000000;8764.000000;1.000000;555.277710
488.000000;9181.000000;6345.000000;0.000000;317728.000000;8764.000000;0.000000;556.618103
489.000000;9181.000000;6514.000000;0.000000;236256.000000;8764.000000;0.000000;557.979004
490.000000;9181.000000;8109.000000;0.000000;192561.000000;8764.000000;0.000000;559.323425
491.000000;9181.000000;6641.000000;0.000000;178053.000000;8764.000000;1.000000;560.669983
492.000000;9181.000000;6750.000000;0.000000;197006.000000;8764.000000;0.000000;562.010437
493.000000;9181.000000;6042.000000;0.000000;306227.000000;8764.000000;0.000000;563.358276
494.000000;9181.000000;6257.000000;0.000000;140369.000000;8764.000000;0.000000;564.731567
495.000000;9181.000000;7635.000000;0.000000;264883.000000;8764.000000;0.000000;565.978821
496.000000;9181.000000;7033.000000;0.000000;259473.000000;8764.000000;1.000000;567.237732
497.000000;9181.000000;7296.000000;0.000000;178177.000000;8764.000000;1.000000;568.488220
498.000000;9181.000000;8195.000000;0.000000;248193.000000;8764.000000;0.000000;569.733093
499.000000;9181.000000;6603.000000;0.000000;185596.000000;8764.000000;1.000000;570.986633
500.000000;9181.000000;7723.000000;0.000000;209449.000000;8764.000000;0.000000;572.231750
501.000000;9181.000000;7374.000000;0.000000;105595.000000;8764.000000;1.000000;573.481140
502.000000;9181.000000;5631.000000;0.000000;174715.000000;8764.000000;0.000000;574.725525
503.000000;9181.000000;7565.000000;0.000000;188466.000000;8764.000000;0.000000;575.974426
504.000000;9181.000000;6719.000000;0.000000;291812.000000;8764.000000;1.000000;577.228455
505.000000;9181.000000;6850.000000;0.000000;146475.000000;8764.000000;0.000000;578.506958
506.000000;9181.000000;7746.000000;0.000000;182834.000000;8764.000000;0.000000;579.751648
507.000000;9181.000000;7049.000000;0.000000;250051.000000;8764.000000;0.000000;581.000977
508.000000;9181.000000;6623.000000;0.000000;349766.000000;8764.000000;1.000000;582.239624
509.000000;9181.000000;7937.000000;0.000000;144554.000000;8764.000000;1.000000;583.492493
510.000000;9181.000000;7069.000000;0.000000;162229.000000;8764.000000;0.000000;584.734863
511.000000;9181.000000;5995.000000;0.000000;244352.000000;8764.000000;1.000000;585.983582
512.000000;9181.000000;7747.000000;0.000000;248784.000000;8764.000000;0.000000;587.218262
513.000000;9181.000000;8416.000000;0.000000;299659.000000;8764.000000;0.000000;588.486328
514.000000;9181.000000;7073.000000;0.000000;300501.000000;8764.000000;1.000000;589.727234
515.000000;9181.000000;7473.000000;0.000000;281324.000000;8764.000000;0.000000;590.984131
516.000000;9181.000000;7840.000000;0.000000;164430.000000;8764.000000;1.000000;592.227539
517.000000;9181.000000;7345.000000;0.000000;197452.000000;8764.000000;0.000000;593.469482
518.000000;9181.000000;7108.000000;0.000000;250956.000000;8764.000000;0.000000;594.723999
519.000000;9181.000000;7648.000000;0.000000;108874.000000;8764.000000;0.000000;595.970154
520.000000;9181.000000;6516.000000;0.000000;239786.000000;8764.000000;0.000000;597.205811
521.000000;9181.000000;7914.000000;0.000000;236991.000000;8764.000000;1.000000;598.470642
522.000000;9181.000000;7873.000000;0.000000;231273.000000;8764.000000;0.000000;599.709473
523.000000;9181.000000;7183.000000;0.000000;166332.000000;8764.000000;0.000000;600.953613
0.000000;0.000000;0.000000;0.000000;0.000000;0.000000;0.000000;0.000000
0.000000;0.000000;0.000000;0.000000;0.000000;0.000000;0.000000;0.000000
0.000000;0.000000;0.000000;0.000000;0.000000;0.000000;0.000000;0.000000
0.000000;0.000000;0.000000;0.000000;0.000000;0.000000;0.000000;0.000000
0.000000;0.000000;0.000000;0.000000;0.000000;0.000000;0.000000;0.000000
0.000000;0.000000;0.000000;0.000000;0.000000;0.000000;0.000000;0.000000
0.000000;0.000000;0.000000;0.000000;0.000000;0.000000;0.000000;0.000000
0.000000;0.000000;0.000000;0.000000;0.000000;0.000000;0.000000;0.000000
0.000000;0.000000;0.000000;0.000000;0.000000;0.000000;0.000000;0.000000
0.000000;0.000000;0.000000;0.000000;0.000000;0.000000;0.000000;0.000000
0.000000;0.000000;0.000000;0.000000;0.000000;0.000000;0.000000;0.000000
0.000000;0.000000;0.000000;0.000000;0.000000;0.000000;0.000000;0.000000
0.000000;0.000000;0.000000;0.000000;0.000000;0.000000;0.000000;0.000000
0.000000;0.000000;0.000000;0.000000;0.000000;0.000000;0.000000;0.000000
0.000000;0.000000;0.000000;0.000000;0.000000;0.000000;0.000000;0.000000
0.000000;0.000000;0.000000;0.000000;0.000000;0.000000;0.000000;0.000000
0.000000;0.000000;0.000000;0.000000;0.000000;0.000000;0.000000;0.000000
0.000000;0.000000;0.000000;0.000000;0.000000;0.000000;0.000000;0.000000
0.000000;0.000000;0.000000;0.000000;0.000000;0.000000;0.000000;0.000000
0.000000;0.000000;0.000000;0.000000;0.000000;0.000000;0.000000;0.000000
0.000000;0.000000;0.000000;0.000000;0.000000;0.000000;0.000000;0.000000
0.000000;0.000000;0.000000;0.000000;0.000000;0.000000;0.000000;0.000000
0.000000;0.000000;0.000000;0.000000;0.000000;0.000000;0.000000;0.000000
0.000000;0.000000;0.000000;0.000000;0.000000;0.000000;0.000000;0.000000
0.000000;0.000000;0.000000;0.000000;0.000000;0.000000;0.000000;0.000000
0.000000;0.000000;0.000000;0.000000;0.000000;0.000000;0.000000;0.000000
0.000000;0.000000;0.000000;0.000000;0.000000;0.000000;0.000000;0.000000
0.000000;0.000000;0.000000;0.000000;0.000000;0.000000;0.000000;0.000000
0.000000;0.000000;0.000000;0.000000;0.000000;0.000000;0.000000;0.000000
0.000000;0.000000;0.000000;0.000000;0.000000;0.000000;0.000000;0.000000
0.000000;0.000000;0.000000;0.000000;0.000000;0.000000;0.000000;0.000000
0.000000;0.000000;0.000000;0.000000;0.000000;0.000000;0.000000;0.000000
0.000000;0.000000;0.000000;0.000000;0.000000;0.000000;0.000000;0.000000
0.000000;0.000000;0.000000;0.000000;0.000000;0.000000;0.000000;0.000000
0.000000;0.000000;0.000000;0.000000;0.000000;0.000000;0.000000;0.000000
0.000000;0.000000;0.000000;0.000000;0.000000;0.000000;0.000000;0.000000
0.000000;0.000000;0.000000;0.000000;0.000000;0.000000;0.000000;0.000000
0.000000;0.000000;0.000000;0.000000;0.000000;0.000000;0.000000;0.000000
0.000000;0.000000;0.000000;0.000000;0.000000;0.000000;0.000000;0.000000
0.000000;0.000000;0.000000;0.000000;0.000000;0.000000;0.000000;0.000000
0.000000;0.000000;0.000000;0.000000;0.000000;0.000000;0.000000;0.000000
0.000000;0.000000;0.000000;0.000000;0.000000;0.000000;0.000000;0.000000
0.000000;0.000000;0.000000;0.000000;0.000000;0.000000;0.000000;0.000000
0.000000;0.000000;0.000000;0.000000;0.000000;0.000000;0.000000;0.000000
0.000000;0.000000;0.000000;0.000000;0.000000;0.000000;0.000000;0.000000
0.000000;0.000000;0.000000;0.000000;0.000000;0.000000;0.000000;0.000000
0.000000;0.000000;0.000000;0.000000;0.000000;0.000000;0.000000;0.000000
0.000000;0.000000;0.000000;0.000000;0.000000;0.000000;0.000000;0.000000
0.000000;0.000000;0.000000;0.000000;0.000000;0.000000;0.000000;0.000000
0.000000;0.000000;0.000000;0.000000;0.000000;0.000000;0.000000;0.000000
0.000000;0.000000;0.000000;0.000000;0.000000;0.000000;0.000000;0.000000
0.000000;0.000000;0.000000;0.000000;0.000000;0.000000;0.000000;0.000000
0.000000;0.000000;0.000000;0.000000;0.000000;0.000000;0.000000;0.000000
0.000000;0.000000;0.000000;0.000000;0.000000;0.000000;0.000000;0.000000
0.000000;0.000000;0.000000;0.000000;0.000000;0.000000;0.000000;0.000000
0.000000;0.000000;0.000000;0.000000;0.000000;0.000000;0.000000;0.000000
0.000000;0.000000;0.000000;0.000000;0.000000;0.000000;0.000000;0.000000
0.000000;0.000000;0.000000;0.000000;0.000000;0.000000;0.000000;0.000000
0.000000;0.000000;0.000000;0.000000;0.000000;0.000000;0.000000;0.000000
0.000000;0.000000;0.000000;0.000000;0.000000;0.000000;0.000000;0.000000
0.000000;0.000000;0.000000;0.000000;0.000000;0.000000;0.000000;0.000000
0.000000;0.000000;0.000000;0.000000;0.000000;0.000000;0.000000;0.000000
0.000000;0.000000;0.000000;0.000000;0.000000;0.000000;0.000000;0.000000
0.000000;0.000000;0.000000;0.000000;0.000000;0.000000;0.000000;0.000000
0.000000;0.000000;0.000000;0.000000;0.000000;0.000000;0.000000;0.000000
0.000000;0.000000;0.000000;0.000000;0.000000;0.000000;0.000000;0.000000
0.000000;0.000000;0.000000;0.000000;0.000000;0.000000;0.000000;0.000000
0.000000;0.000000;0.000000;0.000000;0.000000;0.000000;0.000000;0.000000
0.000000;0.000000;0.000000;0.000000;0.000000;0.000000;0.000000;0.000000
0.000000;0.000000;0.000000;0.000000;0.000000;0.000000;0.000000;0.000000
0.000000;0.000000;0.000000;0.000000;0.000000;0.000000;0.000000;0.000000
0.000000;0.000000;0.000000;0.000000;0.000000;0.000000;0.000000;0.000000
0.000000;0.000000;0.000000;0.000000;0.000000;0.000000;0.000000;0.000000
0.000000;0.000000;0.000000;0.000000;0.000000;0.000000;0.000000;0.000000
0.000000;0.000000;0.000000;0.000000;0.000000;0.000000;0.000000;0.000000
0.000000;0.000000;0.000000;0.000000;0.000000;0.000000;0.000000;0.000000
0.000000;0.000000;0.000000;0.000000;0.000000;0.000000;0.000000;0.000000
0.000000;0.000000;0.000000;0.000000;0.000000;0.000000;0.000000;0.000000
0.000000;0.000000;0.000000;0.000000;0.000000;0.000000;0.000000;0.000000
0.000000;0.000000;0.000000;0.000000;0.000000;0.000000;0.000000;0.000000
0.000000;0.000000;0.000000;0.000000;0.000000;0.000000;0.000000;0.000000
0.000000;0.000000;0.000000;0.000000;0.000000;0.000000;0.000000;0.000000
0.000000;0.000000;0.000000;0.000000;0.000000;0.000000;0.000000;0.000000
0.000000;0.000000;0.000000;0.000000;0.000000;0.000000;0.000000;0.000000
0.000000;0.000000;0.000000;0.000000;0.000000;0.000000;0.000000;0.000000
0.000000;0.000000;0.000000;0.000000;0.000000;0.000000;0.000000;0.000000
0.000000;0.000000;0.000000;0.000000;0.000000;0.000000;0.000000;0.000000
0.000000;0.000000;0.000000;0.000000;0.000000;0.000000;0.000000;0.000000
0.000000;0.000000;0.000000;0.000000;0.000000;0.000000;0.000000;0.000000
0.000000;0.000000;0.000000;0.000000;0.000000;0.000000;0.000000;0.000000
0.000000;0.000000;0.000000;0.000000;0.000000;0.000000;0.000000;0.000000
0.000000;0.000000;0.000000;0.000000;0.000000;0.000000;0.000000;0.000000
0.000000;0.000000;0.000000;0.000000;0.000000;0.000000;0.000000;0.000000
0.000000;0.000000;0.000000;0.000000;0.000000;0.000000;0.000000;0.000000
0.000000;0.000000;0.000000;0.000000;0.000000;0.000000;0.000000;0.000000
0.000000;0.000000;0.000000;0.000000;0.000000;0.000000;0.000000;0.000000
0.000000;0.000000;0.000000;0.000000;0.000000;0.000000;0.000000;0.000000
0.000000;0.000000;0.000000;0.000000;0.000000;0.000000;0.000000;0.000000
0.000000;0.000000;0.000000;0.000000;0.000000;0.000000;0.000000;0.000000
0.000000;0.000000;0.000000;0.000000;0.000000;0.000000;0.000000;0.000000
0.000000;0.000000;0.000000;0.000000;0.000000;0.000000;0.000000;0.000000
0.000000;0.000000;0.000000;0.000000;0.000000;0.000000;0.000000;0.000000
0.000000;0.000000;0.000000;0.000000;0.000000;0.000000;0.000000;0.000000
0.000000;0.000000;0.000000;0.000000;0.000000;0.000000;0.000000;0.000000
0.000000;0.000000;0.000000;0.000000;0.000000;0.000000;0.000000;0.000000
0.000000;0.000000;0.000000;0.000000;0.000000;0.000000;0.000000;0.000000
0.000000;0.000000;0.000000;0.000000;0.000000;0.000000;0.000000;0.000000
0.000000;0.000000;0.000000;0.000000;0.000000;0.000000;0.000000;0.000000
0.000000;0.000000;0.000000;0.000000;0.000000;0.000000;0.000000;0.000000
0.000000;0.000000;0.000000;0.000000;0.000000;0.000000;0.000000;0.000000
0.000000;0.000000;0.000000;0.000000;0.000000;0.000000;0.000000;0.000000
0.000000;0.000000;0.000000;0.000000;0.000000;0.000000;0.000000;0.000000
0.000000;0.000000;0.000000;0.000000;0.000000;0.000000;0.000000;0.000000
0.000000;0.000000;0.000000;0.000000;0.000000;0.000000;0.000000;0.000000
0.000000;0.000000;0.000000;0.000000;0.000000;0.000000;0.000000;0.000000
0.000000;0.000000;0.000000;0.000000;0.000000;0.000000;0.000000;0.000000
0.000000;0.000000;0.000000;0.000000;0.000000;0.000000;0.000000;0.000000
0.000000;0.000000;0.000000;0.000000;0.000000;0.000000;0.000000;0.000000
0.000000;0.000000;0.000000;0.000000;0.000000;0.000000;0.000000;0.000000
0.000000;0.000000;0.000000;0.000000;0.000000;0.000000;0.000000;0.000000
0.000000;0.000000;0.000000;0.000000;0.000000;0.000000;0.000000;0.000000
0.000000;0.000000;0.000000;0.000000;0.000000;0.000000;0.000000;0.000000
0.000000;0.000000;0.000000;0.000000;0.000000;0.000000;0.000000;0.000000
0.000000;0.000000;0.000000;0.000000;0.000000;0.000000;0.000000;0.000000
0.000000;0.000000;0.000000;0.000000;0.000000;0.000000;0.000000;0.000000
0.000000;0.000000;0.000000;0.000000;0.000000;0.000000;0.000000;0.000000
0.000000;0.000000;0.000000;0.000000;0.000000;0.000000;0.000000;0.000000
0.000000;0.000000;0.000000;0.000000;0.000000;0.000000;0.000000;0.000000
0.000000;0.000000;0.000000;0.000000;0.000000;0.000000;0.000000;0.000000
0.000000;0.000000;0.000000;0.000000;0.000000;0.000000;0.000000;0.000000
0.000000;0.000000;0.000000;0.000000;0.000000;0.000000;0.000000;0.000000
0.000000;0.000000;0.000000;0.000000;0.000000;0.000000;0.000000;0.000000
0.000000;0.000000;0.000000;0.000000;0.000000;0.000000;0.000000;0.000000
0.000000;0.000000;0.000000;0.000000;0.000000;0.000000;0.000000;0.000000
0.000000;0.000000;0.000000;0.000000;0.000000;0.000000;0.000000;0.000000
0.000000;0.000000;0.000000;0.000000;0.000000;0.000000;0.000000;0.000000
0.000000;0.000000;0.000000;0.000000;0.000000;0.000000;0.000000;0.000000
0.000000;0.000000;0.000000;0.000000;0.000000;0.000000;0.000000;0.000000
0.000000;0.000000;0.000000;0.000000;0.000000;0.000000;0.000000;0.000000
0.000000;0.000000;0.000000;0.000000;0.000000;0.000000;0.000000;0.000000
0.000000;0.000000;0.000000;0.000000;0.000000;0.000000;0.000000;0.000000
0.000000;0.000000;0.000000;0.000000;0.000000;0.000000;0.000000;0.000000
0.000000;0.000000;0.000000;0.000000;0.000000;0.000000;0.000000;0.000000
0.000000;0.000000;0.000000;0.000000;0.000000;0.000000;0.000000;0.000000
0.000000;0.000000;0.000000;0.000000;0.000000;0.000000;0.000000;0.000000
0.000000;0.000000;0.000000;0.000000;0.000000;0.000000;0.000000;0.000000
0.000000;0.000000;0.000000;0.000000;0.000000;0.000000;0.000000;0.000000
0.000000;0.000000;0.000000;0.000000;0.000000;0.000000;0.000000;0.000000
0.000000;0.000000;0.000000;0.000000;0.000000;0.000000;0.000000;0.000000
0.000000;0.000000;0.000000;0.000000;0.000000;0.000000;0.000000;0.000000
0.000000;0.000000;0.000000;0.000000;0.000000;0.000000;0.000000;0.000000
0.000000;0.000000;0.000000;0.000000;0.000000;0.000000;0.000000;0.000000
0.000000;0.000000;0.000000;0.000000;0.000000;0.000000;0.000000;0.000000
0.000000;0.000000;0.000000;0.000000;0.000000;0.000000;0.000000;0.000000
0.000000;0.000000;0.000000;0.000000;0.000000;0.000000;0.000000;0.000000
0.000000;0.000000;0.000000;0.000000;0.000000;0.000000;0.000000;0.000000
0.000000;0.000000;0.000000;0.000000;0.000000;0.000000;0.000000;0.000000
0.000000;0.000000;0.000000;0.000000;0.000000;0.000000;0.000000;0.000000
0.000000;0.000000;0.000000;0.000000;0.000000;0.000000;0.000000;0.000000
0.000000;0.000000;0.000000;0.000000;0.000000;0.000000;0.000000;0.000000
0.000000;0.000000;0.000000;0.000000;0.000000;0.000000;0.000000;0.000000
0.000000;0.000000;0.000000;0.000000;0.000000;0.000000;0.000000;0.000000
0.000000;0.000000;0.000000;0.000000;0.000000;0.000000;0.000000;0.000000
0.000000;0.000000;0.000000;0.000000;0.000000;0.000000;0.000000;0.000000
0.000000;0.000000;0.000000;0.000000;0.000000;0.000000;0.000000;0.000000
0.000000;0.000000;0.000000;0.000000;0.000000;0.000000;0.000000;0.000000
0.000000;0.000000;0.000000;0.000000;0.000000;0.000000;0.000000;0.000000
0.000000;0.000000;0.000000;0.000000;0.000000;0.000000;0.000000;0.000000
0.000000;0.000000;0.000000;0.000000;0.000000;0.000000;0.000000;0.000000
0.000000;0.000000;0.000000;0.000000;0.000000;0.000000;0.000000;0.000000
0.000000;0.000000;0.000000;0.000000;0.000000;0.000000;0.000000;0.000000
0.000000;0.000000;0.000000;0.000000;0.000000;0.000000;0.000000;0.000000
0.000000;0.000000;0.000000;0.000000;0.000000;0.000000;0.000000;0.000000
0.000000;0.000000;0.000000;0.000000;0.000000;0.000000;0.000000;0.000000
0.000000;0.000000;0.000000;0.000000;0.000000;0.000000;0.000000;0.000000
0.000000;0.000000;0.000000;0.000000;0.000000;0.000000;0.000000;0.000000
0.000000;0.000000;0.000000;0.000000;0.000000;0.000000;0.000000;0.000000
0.000000;0.000000;0.000000;0.000000;0.000000;0.000000;0.000000;0.000000
0.000000;0.000000;0.000000;0.000000;0.000000;0.000000;0.000000;0.000000
0.000000;0.000000;0.000000;0.000000;0.000000;0.000000;0.000000;0.000000
0.000000;0.000000;0.000000;0.000000;0.000000;0.000000;0.000000;0.000000
0.000000;0.000000;0.000000;0.000000;0.000000;0.000000;0.000000;0.000000
0.000000;0.000000;0.000000;0.000000;0.000000;0.000000;0.000000;0.000000
0.000000;0.000000;0.000000;0.000000;0.000000;0.000000;0.000000;0.000000
0.000000;0.000000;0.000000;0.000000;0.000000;0.000000;0.000000;0.000000
0.000000;0.000000;0.000000;0.000000;0.000000;0.000000;0.000000;0.000000
0.000000;0.000000;0.000000;0.000000;0.000000;0.000000;0.000000;0.000000
0.000000;0.000000;0.000000;0.000000;0.000000;0.000000;0.000000;0.000000
0.000000;0.000000;0.000000;0.000000;0.000000;0.000000;0.000000;0.000000
0.000000;0.000000;0.000000;0.000000;0.000000;0.000000;0.000000;0.000000
0.000000;0.000000;0.000000;0.000000;0.000000;0.000000;0.000000;0.000000
0.000000;0.000000;0.000000;0.000000;0.000000;0.000000;0.000000;0.000000
0.000000;0.000000;0.000000;0.000000;0.000000;0.000000;0.000000;0.000000
0.000000;0.000000;0.000000;0.000000;0.000000;0.000000;0.000000;0.000000
0.000000;0.000000;0.000000;0.000000;0.000000;0.000000;0.000000;0.000000
0.000000;0.000000;0.000000;0.000000;0.000000;0.000000;0.000000;0.000000
0.000000;0.000000;0.000000;0.000000;0.000000;0.000000;0.000000;0.000000
0.000000;0.000000;0.000000;0.000000;0.000000;0.000000;0.000000;0.000000
0.000000;0.000000;0.000000;0.000000;0.000000;0.000000;0.000000;0.000000
0.000000;0.000000;0.000000;0.000000;0.000000;0.000000;0.000000;0.000000
0.000000;0.000000;0.000000;0.000000;0.000000;0.000000;0.000000;0.000000
0.000000;0.000000;0.000000;0.000000;0.000000;0.000000;0.000000;0.000000
0.000000;0.000000;0.000000;0.000000;0.000000;0.000000;0.000000;0.000000
0.000000;0.000000;0.000000;0.000000;0.000000;0.000000;0.000000;0.000000
0.000000;0.000000;0.000000;0.000000;0.000000;0.000000;0.000000;0.000000
0.000000;0.000000;0.000000;0.000000;0.000000;0.000000;0.000000;0.000000
0.000000;0.000000;0.000000;0.000000;0.000000;0.000000;0.000000;0.000000
0.000000;0.000000;0.000000;0.000000;0.000000;0.000000;0.000000;0.000000
0.000000;0.000000;0.000000;0.000000;0.000000;0.000000;0.000000;0.000000
0.000000;0.000000;0.000000;0.000000;0.000000;0.000000;0.000000;0.000000
0.000000;0.000000;0.000000;0.000000;0.000000;0.000000;0.000000;0.000000
0.000000;0.000000;0.000000;0.000000;0.000000;0.000000;0.000000;0.000000
0.000000;0.000000;0.000000;0.000000;0.000000;0.000000;0.000000;0.000000
0.000000;0.000000;0.000000;0.000000;0.000000;0.000000;0.000000;0.000000
0.000000;0.000000;0.000000;0.000000;0.000000;0.000000;0.000000;0.000000
0.000000;0.000000;0.000000;0.000000;0.000000;0.000000;0.000000;0.000000
0.000000;0.000000;0.000000;0.000000;0.000000;0.000000;0.000000;0.000000
0.000000;0.000000;0.000000;0.000000;0.000000;0.000000;0.000000;0.000000
0.000000;0.000000;0.000000;0.000000;0.000000;0.000000;0.000000;0.000000
0.000000;0.000000;0.000000;0.000000;0.000000;0.000000;0.000000;0.000000
0.000000;0.000000;0.000000;0.000000;0.000000;0.000000;0.000000;0.000000
0.000000;0.000000;0.000000;0.000000;0.000000;0.000000;0.000000;0.000000
0.000000;0.000000;0.000000;0.000000;0.000000;0.000000;0.000000;0.000000
0.000000;0.000000;0.000000;0.000000;0.000000;0.000000;0.000000;0.000000
0.000000;0.000000;0.000000;0.000000;0.000000;0.000000;0.000000;0.000000
0.000000;0.000000;0.000000;0.000000;0.000000;0.000000;0.000000;0.000000
0.000000;0.000000;0.000000;0.000000;0.000000;0.000000;0.000000;0.000000
0.000000;0.000000;0.000000;0.000000;0.000000;0.000000;0.000000;0.000000
0.000000;0.000000;0.000000;0.000000;0.000000;0.000000;0.000000;0.000000
0.000000;0.000000;0.000000;0.000000;0.000000;0.000000;0.000000;0.000000
0.000000;0.000000;0.000000;0.000000;0.000000;0.000000;0.000000;0.000000
0.000000;0.000000;0.000000;0.000000;0.000000;0.000000;0.000000;0.000000
0.000000;0.000000;0.000000;0.000000;0.000000;0.000000;0.000000;0.000000
0.000000;0.000000;0.000000;0.000000;0.000000;0.000000;0.000000;0.000000
0.000000;0.000000;0.000000;0.000000;0.000000;0.000000;0.000000;0.000000
0.000000;0.000000;0.000000;0.000000;0.000000;0.000000;0.000000;0.000000
0.000000;0.000000;0.000000;0.000000;0.000000;0.000000;0.000000;0.000000
0.000000;0.000000;0.000000;0.000000;0.000000;0.000000;0.000000;0.000000
0.000000;0.000000;0.000000;0.000000;0.000000;0.000000;0.000000;0.000000
0.000000;0.000000;0.000000;0.000000;0.000000;0.000000;0.000000;0.000000
0.000000;0.000000;0.000000;0.000000;0.000000;0.000000;0.000000;0.000000
0.000000;0.000000;0.000000;0.000000;0.000000;0.000000;0.000000;0.000000
0.000000;0.000000;0.000000;0.000000;0.000000;0.000000;0.000000;0.000000
0.000000;0.000000;0.000000;0.000000;0.000000;0.000000;0.000000;0.000000
0.000000;0.000000;0.000000;0.000000;0.000000;0.000000;0.000000;0.000000
0.000000;0.000000;0.000000;0.000000;0.000000;0.000000;0.000000;0.000000
0.000000;0.000000;0.000000;0.000000;0.000000;0.000000;0.000000;0.000000
0.000000;0.000000;0.000000;0.000000;0.000000;0.000000;0.000000;0.000000
0.000000;0.000000;0.000000;0.000000;0.000000;0.000000;0.000000;0.000000
0.000000;0.000000;0.000000;0.000000;0.000000;0.000000;0.000000;0.000000
0.000000;0.000000;0.000000;0.000000;0.000000;0.000000;0.000000;0.000000
0.000000;0.000000;0.000000;0.000000;0.000000;0.000000;0.000000;0.000000
0.000000;0.000000;0.000000;0.000000;0.000000;0.000000;0.000000;0.000000
0.000000;0.000000;0.000000;0.000000;0.000000;0.000000;0.000000;0.000000
0.000000;0.000000;0.000000;0.000000;0.000000;0.000000;0.000000;0.000000
0.000000;0.000000;0.000000;0.000000;0.000000;0.000000;0.000000;0.000000
0.000000;0.000000;0.000000;0.000000;0.000000;0.000000;0.000000;0.000000
0.000000;0.000000;0.000000;0.000000;0.000000;0.000000;0.000000;0.000000
0.000000;0.000000;0.000000;0.000000;0.000000;0.000000;0.000000;0.000000
0.000000;0.000000;0.000000;0.000000;0.000000;0.000000;0.000000;0.000000
0.000000;0.000000;0.000000;0.000000;0.000000;0.000000;0.000000;0.000000
0.000000;0.000000;0.000000;0.000000;0.000000;0.000000;0.000000;0.000000
0.000000;0.000000;0.000000;0.000000;0.000000;0.000000;0.000000;0.000000
0.000000;0.000000;0.000000;0.000000;0.000000;0.000000;0.000000;0.000000
0.000000;0.000000;0.000000;0.000000;0.000000;0.000000;0.000000;0.000000
0.000000;0.000000;0.000000;0.000000;0.000000;0.000000;0.000000;0.000000
0.000000;0.000000;0.000000;0.000000;0.000000;0.000000;0.000000;0.000000
0.000000;0.000000;0.000000;0.000000;0.000000;0.000000;0.000000;0.000000
0.000000;0.000000;0.000000;0.000000;0.000000;0.000000;0.000000;0.000000
0.000000;0.000000;0.000000;0.000000;0.000000;0.000000;0.000000;0.000000
0.000000;0.000000;0.000000;0.000000;0.000000;0.000000;0.000000;0.000000
0.000000;0.000000;0.000000;0.000000;0.000000;0.000000;0.000000;0.000000
0.000000;0.000000;0.000000;0.000000;0.000000;0.000000;0.000000;0.000000
0.000000;0.000000;0.000000;0.000000;0.000000;0.000000;0.000000;0.000000
0.000000;0.000000;0.000000;0.000000;0.000000;0.000000;0.000000;0.000000
0.000000;0.000000;0.000000;0.000000;0.000000;0.000000;0.000000;0.000000
0.000000;0.000000;0.000000;0.000000;0.000000;0.000000;0.000000;0.000000
0.000000;0.000000;0.000000;0.000000;0.000000;0.000000;0.000000;0.000000
0.000000;0.000000;0.000000;0.000000;0.000000;0.000000;0.000000;0.000000
0.000000;0.000000;0.000000;0.000000;0.000000;0.000000;0.000000;0.000000
0.000000;0.000000;0.000000;0.000000;0.000000;0.000000;0.000000;0.000000
0.000000;0.000000;0.000000;0.000000;0.000000;0.000000;0.000000;0.000000
0.000000;0.000000;0.000000;0.000000;0.000000;0.000000;0.000000;0.000000
0.000000;0.000000;0.000000;0.000000;0.000000;0.000000;0.000000;0.000000
0.000000;0.000000;0.000000;0.000000;0.000000;0.000000;0.000000;0.000000
0.000000;0.000000;0.000000;0.000000;0.000000;0.000000;0.000000;0.000000
0.000000;0.000000;0.000000;0.000000;0.000000;0.000000;0.000000;0.000000
0.000000;0.000000;0.000000;0.000000;0.000000;0.000000;0.000000;0.000000
0.000000;0.000000;0.000000;0.000000;0.000000;0.000000;0.000000;0.000000
0.000000;0.000000;0.000000;0.000000;0.000000;0.000000;0.000000;0.000000
0.000000;0.000000;0.000000;0.000000;0.000000;0.000000;0.000000;0.000000
0.000000;0.000000;0.000000;0.000000;0.000000;0.000000;0.000000;0.000000
0.000000;0.000000;0.000000;0.000000;0.000000;0.000000;0.000000;0.000000
0.000000;0.000000;0.000000;0.000000;0.000000;0.000000;0.000000;0.000000
0.000000;0.000000;0.000000;0.000000;0.000000;0.000000;0.000000;0.000000
0.000000;0.000000;0.000000;0.000000;0.000000;0.000000;0.000000;0.000000
0.000000;0.000000;0.000000;0.000000;0.000000;0.000000;0.000000;0.000000
0.000000;0.000000;0.000000;0.000000;0.000000;0.000000;0.000000;0.000000
0.000000;0.000000;0.000000;0.000000;0.000000;0.000000;0.000000;0.000000
0.000000;0.000000;0.000000;0.000000;0.000000;0.000000;0.000000;0.000000
0.000000;0.000000;0.000000;0.000000;0.000000;0.000000;0.000000;0.000000
0.000000;0.000000;0.000000;0.000000;0.000000;0.000000;0.000000;0.000000
0.000000;0.000000;0.000000;0.000000;0.000000;0.000000;0.000000;0.000000
0.000000;0.000000;0.000000;0.000000;0.000000;0.000000;0.000000;0.000000
0.000000;0.000000;0.000000;0.000000;0.000000;0.000000;0.000000;0.000000
0.000000;0.000000;0.000000;0.000000;0.000000;0.000000;0.000000;0.000000
0.000000;0.000000;0.000000;0.000000;0.000000;0.000000;0.000000;0.000000
0.000000;0.000000;0.000000;0.000000;0.000000;0.000000;0.000000;0.000000
0.000000;0.000000;0.000000;0.000000;0.000000;0.000000;0.000000;0.000000
0.000000;0.000000;0.000000;0.000000;0.000000;0.000000;0.000000;0.000000
0.000000;0.000000;0.000000;0.000000;0.000000;0.000000;0.000000;0.000000
0.000000;0.000000;0.000000;0.000000;0.000000;0.000000;0.000000;0.000000
0.000000;0.000000;0.000000;0.000000;0.000000;0.000000;0.000000;0.000000
0.000000;0.000000;0.000000;0.000000;0.000000;0.000000;0.000000;0.000000
0.000000;0.000000;0.000000;0.000000;0.000000;0.000000;0.000000;0.000000
0.000000;0.000000;0.000000;0.000000;0.000000;0.000000;0.000000;0.000000
0.000000;0.000000;0.000000;0.000000;0.000000;0.000000;0.000000;0.000000
0.000000;0.000000;0.000000;0.000000;0.000000;0.000000;0.000000;0.000000
0.000000;0.000000;0.000000;0.000000;0.000000;0.000000;0.000000;0.000000
0.000000;0.000000;0.000000;0.000000;0.000000;0.000000;0.000000;0.000000
0.000000;0.000000;0.000000;0.000000;0.000000;0.000000;0.000000;0.000000
0.000000;0.000000;0.000000;0.000000;0.000000;0.000000;0.000000;0.000000
0.000000;0.000000;0.000000;0.000000;0.000000;0.000000;0.000000;0.000000
0.000000;0.000000;0.000000;0.000000;0.000000;0.000000;0.000000;0.000000
0.000000;0.000000;0.000000;0.000000;0.000000;0.000000;0.000000;0.000000
0.000000;0.000000;0.000000;0.000000;0.000000;0.000000;0.000000;0.000000
0.000000;0.000000;0.000000;0.000000;0.000000;0.000000;0.000000;0.000000
0.000000;0.000000;0.000000;0.000000;0.000000;0.000000;0.000000;0.000000
0.000000;0.000000;0.000000;0.000000;0.000000;0.000000;0.000000;0.000000
0.000000;0.000000;0.000000;0.000000;0.000000;0.000000;0.000000;0.000000
0.000000;0.000000;0.000000;0.000000;0.000000;0.000000;0.000000;0.000000
0.000000;0.000000;0.000000;0.000000;0.000000;0.000000;0.000000;0.000000
0.000000;0.000000;0.000000;0.000000;0.000000;0.000000;0.000000;0.000000
0.000000;0.000000;0.000000;0.000000;0.000000;0.000000;0.000000;0.000000
0.000000;0.000000;0.000000;0.000000;0.000000;0.000000;0.000000;0.000000
0.000000;0.000000;0.000000;0.000000;0.000000;0.000000;0.000000;0.000000
0.000000;0.000000;0.000000;0.000000;0.000000;0.000000;0.000000;0.000000
0.000000;0.000000;0.000000;0.000000;0.000000;0.000000;0.000000;0.000000
0.000000;0.000000;0.000000;0.000000;0.000000;0.000000;0.000000;0.000000
0.000000;0.000000;0.000000;0.000000;0.000000;0.000000;0.000000;0.000000
0.000000;0.000000;0.000000;0.000000;0.000000;0.000000;0.000000;0.000000
0.000000;0.000000;0.000000;0.000000;0.000000;0.000000;0.000000;0.000000
0.000000;0.000000;0.000000;0.000000;0.000000;0.000000;0.000000;0.000000
0.000000;0.000000;0.000000;0.000000;0.000000;0.000000;0.000000;0.000000
0.000000;0.000000;0.000000;0.000000;0.000000;0.000000;0.000000;0.000000
0.000000;0.000000;0.000000;0.000000;0.000000;0.000000;0.000000;0.000000
0.000000;0.000000;0.000000;0.000000;0.000000;0.000000;0.000000;0.000000
0.000000;0.000000;0.000000;0.000000;0.000000;0.000000;0.000000;0.000000
0.000000;0.000000;0.000000;0.000000;0.000000;0.000000;0.000000;0.000000
0.000000;0.000000;0.000000;0.000000;0.000000;0.000000;0.000000;0.000000
0.000000;0.000000;0.000000;0.000000;0.000000;0.000000;0.000000;0.000000
0.000000;0.000000;0.000000;0.000000;0.000000;0.000000;0.000000;0.000000
0.000000;0.000000;0.000000;0.000000;0.000000;0.000000;0.000000;0.000000
0.000000;0.000000;0.000000;0.000000;0.000000;0.000000;0.000000;0.000000
0.000000;0.000000;0.000000;0.000000;0.000000;0.000000;0.000000;0.000000
0.000000;0.000000;0.000000;0.000000;0.000000;0.000000;0.000000;0.000000
0.000000;0.000000;0.000000;0.000000;0.000000;0.000000;0.000000;0.000000
0.000000;0.000000;0.000000;0.000000;0.000000;0.000000;0.000000;0.000000
0.000000;0.000000;0.000000;0.000000;0.000000;0.000000;0.000000;0.000000
0.000000;0.000000;0.000000;0.000000;0.000000;0.000000;0.000000;0.000000
0.000000;0.000000;0.000000;0.000000;0.000000;0.000000;0.000000;0.000000
0.000000;0.000000;0.000000;0.000000;0.000000;0.000000;0.000000;0.000000
0.000000;0.000000;0.000000;0.000000;0.000000;0.000000;0.000000;0.000000
0.000000;0.000000;0.000000;0.000000;0.000000;0.000000;0.000000;0.000000
0.000000;0.000000;0.000000;0.000000;0.000000;0.000000;0.000000;0.000000
0.000000;0.000000;0.000000;0.000000;0.000000;0.000000;0.000000;0.000000
0.000000;0.000000;0.000000;0.000000;0.000000;0.000000;0.000000;0.000000
0.000000;0.000000;0.000000;0.000000;0.000000;0.000000;0.000000;0.000000
0.000000;0.000000;0.000000;0.000000;0.000000;0.000000;0.000000;0.000000
0.000000;0.000000;0.000000;0.000000;0.000000;0.000000;0.000000;0.000000
0.000000;0.000000;0.000000;0.000000;0.000000;0.000000;0.000000;0.000000
0.000000;0.000000;0.000000;0.000000;0.000000;0.000000;0.000000;0.000000
0.000000;0.000000;0.000000;0.000000;0.000000;0.000000;0.000000;0.000000
0.000000;0.000000;0.000000;0.000000;0.000000;0.000000;0.000000;0.000000
0.000000;0.000000;0.000000;0.000000;0.000000;0.000000;0.000000;0.000000
0.000000;0.000000;0.000000;0.000000;0.000000;0.000000;0.000000;0.000000
0.000000;0.000000;0.000000;0.000000;0.000000;0.000000;0.000000;0.000000
0.000000;0.000000;0.000000;0.000000;0.000000;0.000000;0.000000;0.000000
0.000000;0.000000;0.000000;0.000000;0.000000;0.000000;0.000000;0.000000
0.000000;0.000000;0.000000;0.000000;0.000000;0.000000;0.000000;0.000000
0.000000;0.000000;0.000000;0.000000;0.000000;0.000000;0.000000;0.000000
0.000000;0.000000;0.000000;0.000000;0.000000;0.000000;0.000000;0.000000
0.000000;0.000000;0.000000;0.000000;0.000000;0.000000;0.000000;0.000000
0.000000;0.000000;0.000000;0.000000;0.000000;0.000000;0.000000;0.000000
0.000000;0.000000;0.000000;0.000000;0.000000;0.000000;0.000000;0.000000
0.000000;0.000000;0.000000;0.000000;0.000000;0.000000;0.000000;0.000000
0.000000;0.000000;0.000000;0.000000;0.000000;0.000000;0.000000;0.000000
0.000000;0.000000;0.000000;0.000000;0.000000;0.000000;0.000000;0.000000
0.000000;0.000000;0.000000;0.000000;0.000000;0.000000;0.000000;0.000000
0.000000;0.000000;0.000000;0.000000;0.000000;0.000000;0.000000;0.000000
0.000000;0.000000;0.000000;0.000000;0.000000;0.000000;0.000000;0.000000
0.000000;0.000000;0.000000;0.000000;0.000000;0.000000;0.000000;0.000000
0.000000;0.000000;0.000000;0.000000;0.000000;0.000000;0.000000;0.000000
0.000000;0.000000;0.000000;0.000000;0.000000;0.000000;0.000000;0.000000
0.000000;0.000000;0.000000;0.000000;0.000000;0.000000;0.000000;0.000000
0.000000;0.000000;0.000000;0.000000;0.000000;0.000000;0.000000;0.000000
0.000000;0.000000;0.000000;0.000000;0.000000;0.000000;0.000000;0.000000
0.000000;0.000000;0.000000;0.000000;0.000000;0.000000;0.000000;0.000000
0.000000;0.000000;0.000000;0.000000;0.000000;0.000000;0.000000;0.000000
0.000000;0.000000;0.000000;0.000000;0.000000;0.000000;0.000000;0.000000
0.000000;0.000000;0.000000;0.000000;0.000000;0.000000;0.000000;0.000000
0.000000;0.000000;0.000000;0.000000;0.000000;0.000000;0.000000;0.000000
0.000000;0.000000;0.000000;0.000000;0.000000;0.000000;0.000000;0.000000
0.000000;0.000000;0.000000;0.000000;0.000000;0.000000;0.000000;0.000000
0.000000;0.000000;0.000000;0.000000;0.000000;0.000000;0.000000;0.000000
0.000000;0.000000;0.000000;0.000000;0.000000;0.000000;0.000000;0.000000
0.000000;0.000000;0.000000;0.000000;0.000000;0.000000;0.000000;0.000000
0.000000;0.000000;0.000000;0.000000;0.000000;0.000000;0.000000;0.000000
0.000000;0.000000;0.000000;0.000000;0.000000;0.000000;0.000000;0.000000
0.000000;0.000000;0.000000;0.000000;0.000000;0.000000;0.000000;0.000000
0.000000;0.000000;0.000000;0.000000;0.000000;0.000000;0.000000;0.000000
0.000000;0.000000;0.000000;0.000000;0.000000;0.000000;0.000000;0.000000
0.000000;0.000000;0.000000;0.000000;0.000000;0.000000;0.000000;0.000000
0.000000;0.000000;0.000000;0.000000;0.000000;0.000000;0.000000;0.000000
0.000000;0.000000;0.000000;0.000000;0.000000;0.000000;0.000000;0.000000
0.000000;0.000000;0.000000;0.000000;0.000000;0.000000;0.000000;0.000000
0.000000;0.000000;0.000000;0.000000;0.000000;0.000000;0.000000;0.000000
0.000000;0.000000;0.000000;0.000000;0.000000;0.000000;0.000000;0.000000
0.000000;0.000000;0.000000;0.000000;0.000000;0.000000;0.000000;0.000000
0.000000;0.000000;0.000000;0.000000;0.000000;0.000000;0.000000;0.000000
0.000000;0.000000;0.000000;0.000000;0.000000;0.000000;0.000000;0.000000
0.000000;0.000000;0.000000;0.000000;0.000000;0.000000;0.000000;0.000000
0.000000;0.000000;0.000000;0.000000;0.000000;0.000000;0.000000;0.000000
0.000000;0.000000;0.000000;0.000000;0.000000;0.000000;0.000000;0.000000
0.000000;0.000000;0.000000;0.000000;0.000000;0.000000;0.000000;0.000000
0.000000;0.000000;0.000000;0.000000;0.000000;0.000000;0.000000;0.000000
0.000000;0.000000;0.000000;0.000000;0.000000;0.000000;0.000000;0.000000
0.000000;0.000000;0.000000;0.000000;0.000000;0.000000;0.000000;0.000000
0.000000;0.000000;0.000000;0.000000;0.000000;0.000000;0.000000;0.000000
0.000000;0.000000;0.000000;0.000000;0.000000;0.000000;0.000000;0.000000
0.000000;0.000000;0.000000;0.000000;0.000000;0.000000;0.000000;0.000000
0.000000;0.000000;0.000000;0.000000;0.000000;0.000000;0.000000;0.000000
0.000000;0.000000;0.000000;0.000000;0.000000;0.000000;0.000000;0.000000
0.000000;0.000000;0.000000;0.000000;0.000000;0.000000;0.000000;0.000000
0.000000;0.000000;0.000000;0.000000;0.000000;0.000000;0.000000;0.000000
0.000000;0.000000;0.000000;0.000000;0.000000;0.000000;0.000000;0.000000
0.000000;0.000000;0.000000;0.000000;0.000000;0.000000;0.000000;0.000000
0.000000;0.000000;0.000000;0.000000;0.000000;0.000000;0.000000;0.000000
0.000000;0.000000;0.000000;0.000000;0.000000;0.000000;0.000000;0.000000
0.000000;0.000000;0.000000;0.000000;0.000000;0.000000;0.000000;0.000000
0.000000;0.000000;0.000000;0.000000;0.000000;0.000000;0.000000;0.000000
0.000000;0.000000;0.000000;0.000000;0.000000;0.000000;0.000000;0.000000
0.000000;0.000000;0.000000;0.000000;0.000000;0.000000;0.000000;0.000000
0.000000;0.000000;0.000000;0.000000;0.000000;0.000000;0.000000;0.000000
0.000000;0.000000;0.000000;0.000000;0.000000;0.000000;0.000000;0.000000
0.000000;0.000000;0.000000;0.000000;0.000000;0.000000;0.000000;0.000000
0.000000;0.000000;0.000000;0.000000;0.000000;0.000000;0.000000;0.000000
0.000000;0.000000;0.000000;0.000000;0.000000;0.000000;0.000000;0.000000
0.000000;0.000000;0.000000;0.000000;0.000000;0.000000;0.000000;0.000000
0.000000;0.000000;0.000000;0.000000;0.000000;0.000000;0.000000;0.000000
0.000000;0.000000;0.000000;0.000000;0.000000;0.000000;0.000000;0.000000
0.000000;0.000000;0.000000;0.000000;0.000000;0.000000;0.000000;0.000000
0.000000;0.000000;0.000000;0.000000;0.000000;0.000000;0.000000;0.000000
0.000000;0.000000;0.000000;0.000000;0.000000;0.000000;0.000000;0.000000
0.000000;0.000000;0.000000;0.000000;0.000000;0.000000;0.000000;0.000000
0.000000;0.000000;0.000000;0.000000;0.000000;0.000000;0.000000;0.000000
0.000000;0.000000;0.000000;0.000000;0.000000;0.000000;0.000000;0.000000
0.000000;0.000000;0.000000;0.000000;0.000000;0.000000;0.000000;0.000000
0.000000;0.000000;0.000000;0.000000;0.000000;0.000000;0.000000;0.000000
0.000000;0.000000;0.000000;0.000000;0.000000;0.000000;0.000000;0.000000
0.000000;0.000000;0.000000;0.000000;0.000000;0.000000;0.000000;0.000000
0.000000;0.000000;0.000000;0.000000;0.000000;0.000000;0.000000;0.000000
0.000000;0.000000;0.000000;0.000000;0.000000;0.000000;0.000000;0.000000
0.000000;0.000000;0.000000;0.000000;0.000000;0.000000;0.000000;0.000000
0.000000;0.000000;0.000000;0.000000;0.000000;0.000000;0.000000;0.000000
0.000000;0.000000;0.000000;0.000000;0.000000;0.000000;0.000000;0.000000
0.000000;0.000000;0.000000;0.000000;0.000000;0.000000;0.000000;0.000000
0.000000;0.000000;0.000000;0.000000;0.000000;0.000000;0.000000;0.000000
0.000000;0.000000;0.000000;0.000000;0.000000;0.000000;0.000000;0.000000
0.000000;0.000000;0.000000;0.000000;0.000000;0.000000;0.000000;0.000000
0.000000;0.000000;0.000000;0.000000;0.000000;0.000000;0.000000;0.000000
0.000000;0.000000;0.000000;0.000000;0.000000;0.000000;0.000000;0.000000
0.000000;0.000000;0.000000;0.000000;0.000000;0.000000;0.000000;0.000000
0.000000;0.000000;0.000000;0.000000;0.000000;0.000000;0.000000;0.000000
0.000000;0.000000;0.000000;0.000000;0.000000;0.000000;0.000000;0.000000
0.000000;0.000000;0.000000;0.000000;0.000000;0.000000;0.000000;0.000000
